suite,method,parameters,job,state,mean_ns,error_ns,stddev_ns,median_ns,p95_ns,ops_per_second,allocated_bytes,gen0_per_1000,gen1_per_1000,gen2_per_1000,iterations
"ViShap.Viper.Serialization.Benchmarks.Suites.ProfileMatrixBenchmarks","'WL-01 serialize → byte[]'","Profile=Default; Data=DATA-01 TinyFlat","Publication",Supported,1058.771375020345,9.3515079086018638,36.218234391941969,1050.6107330322266,1117.8248977661133,944490.96716539434,2208,0.3509521484375,0,0,15
"ViShap.Viper.Serialization.Benchmarks.Suites.ProfileMatrixBenchmarks","'WL-04 deserialize ← byte[]'","Profile=Default; Data=DATA-01 TinyFlat","Publication",Supported,1123.4788307776819,8.5376262114267245,30.78284907604441,1116.2137985229492,1170.9049224853516,890092.4277387507,1488,0.23651123046875,0,0,13
"ViShap.Viper.Serialization.Benchmarks.Suites.ProfileMatrixBenchmarks","'WL-06 round trip'","Profile=Default; Data=DATA-01 TinyFlat","Publication",Supported,2271.7867044302134,8.9153789227844946,32.144855846290397,2272.1160888671875,2319.0378570556641,440182.16941313155,3697,0.58746337890625,0,0,13
"ViShap.Viper.Serialization.Benchmarks.Suites.ProfileMatrixBenchmarks","'WL-01 serialize → byte[]'","Profile=Default; Data=DATA-02 MediumObject","Publication",Supported,9002.1631876627598,44.294904999373998,171.55342938441515,8954.6524047851562,9215.5062866210938,111084.41150794456,13042,2.0751953125,0.0152587890625,0,15
"ViShap.Viper.Serialization.Benchmarks.Suites.ProfileMatrixBenchmarks","'WL-04 deserialize ← byte[]'","Profile=Default; Data=DATA-02 MediumObject","Publication",Supported,11571.119689941406,88.581947737044104,331.4432990851343,11446.321105957031,12129.437255859375,86422.059990381429,15725,2.50244140625,0.030517578125,0,14
"ViShap.Viper.Serialization.Benchmarks.Suites.ProfileMatrixBenchmarks","'WL-06 round trip'","Profile=Default; Data=DATA-02 MediumObject","Publication",Supported,31186.505126953125,2228.211474628019,8629.8259330625879,28963.037109375,44019.358520507805,32065.151126399989,28770,4.57763671875,0.091552734375,0,15
"ViShap.Viper.Serialization.Benchmarks.Suites.ProfileMatrixBenchmarks","'WL-01 serialize → byte[]'","Profile=Default; Data=DATA-03 RecordBatchSmall","Publication",Supported,154609.8779296875,3544.2767608555105,13726.92486914336,150485.791015625,181460.5419921875,6467.892047976221,223998,35.64453125,5.615234375,0,15
"ViShap.Viper.Serialization.Benchmarks.Suites.ProfileMatrixBenchmarks","'WL-04 deserialize ← byte[]'","Profile=Default; Data=DATA-03 RecordBatchSmall","Publication",Supported,136264.2578125,1357.32176539083,5256.8845928035353,133723.73046875,144630.05615234375,7338.6815886525637,168834,26.85546875,4.39453125,0,15
"ViShap.Viper.Serialization.Benchmarks.Suites.ProfileMatrixBenchmarks","'WL-06 round trip'","Profile=Default; Data=DATA-03 RecordBatchSmall","Publication",Supported,264938.21847098216,1460.4255472608577,5464.4120367419637,263392.8466796875,272967.29248046875,3774.4648762689812,392872,62.5,12.20703125,0,14
"ViShap.Viper.Serialization.Benchmarks.Suites.ProfileMatrixBenchmarks","'WL-01 serialize → byte[]'","Profile=Default; Data=DATA-04 RecordBatchLarge","Publication",Supported,14473497.708333334,639679.85837050725,2477469.4383732937,13864892.1875,18267614.062499996,69.091799380617928,16763630,2109.375,921.875,921.875,15
"ViShap.Viper.Serialization.Benchmarks.Suites.ProfileMatrixBenchmarks","'WL-04 deserialize ← byte[]'","Profile=Default; Data=DATA-04 RecordBatchLarge","Publication",Supported,21995222.596153848,306610.76391415397,1105500.8309016658,21650337.5,23918413.125,45.464418267577024,13789644,2312.5,1218.75,468.75,13
"ViShap.Viper.Serialization.Benchmarks.Suites.ProfileMatrixBenchmarks","'WL-06 round trip'","Profile=Default; Data=DATA-04 RecordBatchLarge","Publication",Supported,32983215.625,272252.40730406722,1018675.2308562509,32915084.375,34387211.875,30.318450795380869,30555412,4000,1625,1000,14
"ViShap.Viper.Serialization.Benchmarks.Suites.ProfileMatrixBenchmarks","'WL-01 serialize → byte[]'","Profile=Default; Data=DATA-05 DictionaryHeavy","Publication",Supported,4655739.182692308,24135.971851216134,87023.484092715269,4667279.6875,4754757.5,214.78866421845453,6146855,1390.625,984.375,984.375,13
"ViShap.Viper.Serialization.Benchmarks.Suites.ProfileMatrixBenchmarks","'WL-04 deserialize ← byte[]'","Profile=Default; Data=DATA-05 DictionaryHeavy","Publication",Supported,12375944.479166666,213198.30137572109,825713.47066787758,12209751.5625,13520294.53125,80.801913880865683,7739124,1343.75,671.875,328.125,15
"ViShap.Viper.Serialization.Benchmarks.Suites.ProfileMatrixBenchmarks","'WL-06 round trip'","Profile=Default; Data=DATA-05 DictionaryHeavy","Publication",Supported,18108939.583333332,299368.25472345413,1159448.2649271179,17813218.75,19987339.0625,55.221344982582849,13887530,2437.5,1812.5,1000,15
"ViShap.Viper.Serialization.Benchmarks.Suites.ProfileMatrixBenchmarks","'WL-01 serialize → byte[]'","Profile=Default; Data=DATA-07/unicode UnicodeHeavy","Publication",Supported,429112.25961538462,2487.112380351929,8967.4112152001762,429583.88671875,442970.33203125,2330.3925198881634,769419,147.94921875,147.94921875,147.94921875,13
"ViShap.Viper.Serialization.Benchmarks.Suites.ProfileMatrixBenchmarks","'WL-04 deserialize ← byte[]'","Profile=Default; Data=DATA-07/unicode UnicodeHeavy","Publication",Supported,490691.49088541669,4885.8776318322234,18922.922699693536,484950.244140625,519457.8955078125,2037.9403730755012,646493,106.93359375,35.64453125,35.64453125,15
"ViShap.Viper.Serialization.Benchmarks.Suites.ProfileMatrixBenchmarks","'WL-06 round trip'","Profile=Default; Data=DATA-07/unicode UnicodeHeavy","Publication",Supported,877961.1328125,6283.5368181869544,23510.841950835245,874685.546875,912586.7578125,1139.0025852244225,1415972,183.59375,183.59375,183.59375,14
"ViShap.Viper.Serialization.Benchmarks.Suites.ProfileMatrixBenchmarks","'WL-01 serialize → byte[]'","Profile=PreserveReferences; Data=DATA-01 TinyFlat","Publication",Supported,1077.0451409476143,7.3689792032455852,27.572195468807397,1079.9195289611816,1117.3790454864502,928466.19141716952,2352,0.37384033203125,0,0,14
"ViShap.Viper.Serialization.Benchmarks.Suites.ProfileMatrixBenchmarks","'WL-04 deserialize ← byte[]'","Profile=PreserveReferences; Data=DATA-01 TinyFlat","Publication",Supported,1208.6345672607422,7.9702969837174367,28.737314455469189,1201.832389831543,1261.7740249633789,827379.94352288544,1792,0.2841949462890625,0,0,13
"ViShap.Viper.Serialization.Benchmarks.Suites.ProfileMatrixBenchmarks","'WL-06 round trip'","Profile=PreserveReferences; Data=DATA-01 TinyFlat","Publication",Supported,2567.1421051025391,16.655995677252076,64.508393872500022,2587.2280120849609,2632.1266937255859,389538.2332019587,4145,0.659942626953125,0,0,15
"ViShap.Viper.Serialization.Benchmarks.Suites.ProfileMatrixBenchmarks","'WL-01 serialize → byte[]'","Profile=PreserveReferences; Data=DATA-02 MediumObject","Publication",Supported,9748.2709757486973,83.187968049937837,322.18561486224394,9688.53759765625,10241.966094970703,102582.29407940693,14147,2.2430419921875,0.030517578125,0,15
"ViShap.Viper.Serialization.Benchmarks.Suites.ProfileMatrixBenchmarks","'WL-04 deserialize ← byte[]'","Profile=PreserveReferences; Data=DATA-02 MediumObject","Publication",Supported,12836.292317708334,111.92644818684556,433.48926982780023,12747.71728515625,13400.177001953125,77904.115553713898,16870,2.685546875,0,0,15
"ViShap.Viper.Serialization.Benchmarks.Suites.ProfileMatrixBenchmarks","'WL-06 round trip'","Profile=PreserveReferences; Data=DATA-02 MediumObject","Publication",Supported,22296.927584134617,225.79711153767587,814.12306350075187,22405.1513671875,23477.373046875,44849.228496914082,31019,4.8828125,0,0,13
"ViShap.Viper.Serialization.Benchmarks.Suites.ProfileMatrixBenchmarks","'WL-01 serialize → byte[]'","Profile=PreserveReferences; Data=DATA-03 RecordBatchSmall","Publication",Supported,155742.7197265625,2028.5588461312918,7856.5746278682273,153715.4296875,168972.73681640625,6420.8458780975443,249983,39.794921875,4.8828125,0,15
"ViShap.Viper.Serialization.Benchmarks.Suites.ProfileMatrixBenchmarks","'WL-04 deserialize ← byte[]'","Profile=PreserveReferences; Data=DATA-03 RecordBatchSmall","Publication",Supported,144738.8134765625,722.96244806454138,2800.0215212873136,143837.6953125,149401.8896484375,6908.996805904655,192495,30.517578125,6.103515625,0,15
"ViShap.Viper.Serialization.Benchmarks.Suites.ProfileMatrixBenchmarks","'WL-06 round trip'","Profile=PreserveReferences; Data=DATA-03 RecordBatchSmall","Publication",Supported,281913.43149038462,3191.6762169172366,11507.752254774023,284048.828125,297810.15625,3547.1882084983508,442526,70.3125,11.71875,0,13
"ViShap.Viper.Serialization.Benchmarks.Suites.ProfileMatrixBenchmarks","'WL-01 serialize → byte[]'","Profile=PreserveReferences; Data=DATA-04 RecordBatchLarge","Publication",Supported,14119398.229166666,268833.44274196448,1041187.4466432335,14176542.1875,15668963.90625,70.824548169077346,19022381,2234.375,1218.75,1015.625,15
"ViShap.Viper.Serialization.Benchmarks.Suites.ProfileMatrixBenchmarks","'WL-04 deserialize ← byte[]'","Profile=PreserveReferences; Data=DATA-04 RecordBatchLarge","Publication",Supported,29749663.333333332,117656.93943328118,455683.36699083273,29762931.25,30342071.25,33.61382576990507,15850108,2843.75,1625,937.5,15
"ViShap.Viper.Serialization.Benchmarks.Suites.ProfileMatrixBenchmarks","'WL-06 round trip'","Profile=PreserveReferences; Data=DATA-04 RecordBatchLarge","Publication",Supported,35978126.190476187,160872.63626081854,623057.04109863366,35957628.571428575,36767647.857142851,27.794665978594271,34873215,4428.5714285714284,2142.8571428571427,1357.1428571428571,15
"ViShap.Viper.Serialization.Benchmarks.Suites.ProfileMatrixBenchmarks","'WL-01 serialize → byte[]'","Profile=PreserveReferences; Data=DATA-05 DictionaryHeavy","Publication",Supported,5197637.6674107146,16356.236070717605,61199.431513818912,5187060.9375,5302877.734375,192.39509638580978,7269256,1437.5,1062.5,1000,14
"ViShap.Viper.Serialization.Benchmarks.Suites.ProfileMatrixBenchmarks","'WL-04 deserialize ← byte[]'","Profile=PreserveReferences; Data=DATA-05 DictionaryHeavy","Publication",Supported,15675602.566964285,43324.402444072628,162105.07043243136,15669948.4375,15944681.796875,63.793400969954455,8741441,1578.125,890.625,531.25,14
"ViShap.Viper.Serialization.Benchmarks.Suites.ProfileMatrixBenchmarks","'WL-06 round trip'","Profile=PreserveReferences; Data=DATA-05 DictionaryHeavy","Publication",Supported,18371817.083333332,252724.28318187079,978796.93994559278,17998200,19739362.8125,54.431197277006788,16011766,2531.25,1906.25,1031.25,15
"ViShap.Viper.Serialization.Benchmarks.Suites.ProfileMatrixBenchmarks","'WL-01 serialize → byte[]'","Profile=PreserveReferences; Data=DATA-07/unicode UnicodeHeavy","Publication",Supported,419141.17838541669,1869.8110924189959,7241.7472214926684,416608.7890625,430810.1953125,2385.8309599932959,769571,147.94921875,147.94921875,147.94921875,15
"ViShap.Viper.Serialization.Benchmarks.Suites.ProfileMatrixBenchmarks","'WL-04 deserialize ← byte[]'","Profile=PreserveReferences; Data=DATA-07/unicode UnicodeHeavy","Publication",Supported,455820.14322916669,1122.1859777932375,4346.2076033406947,458031.640625,460730.21484375,2193.8477595915351,646797,106.93359375,35.64453125,35.64453125,15
"ViShap.Viper.Serialization.Benchmarks.Suites.ProfileMatrixBenchmarks","'WL-06 round trip'","Profile=PreserveReferences; Data=DATA-07/unicode UnicodeHeavy","Publication",Supported,882629.79166666663,3886.7309101992314,15053.24408639122,885572.65625,901647.890625,1132.9778457984107,1416428,183.59375,183.59375,183.59375,15
"ViShap.Viper.Serialization.Benchmarks.Suites.ProfileMatrixBenchmarks","'WL-01 serialize → byte[]'","Profile=TightLimits; Data=DATA-01 TinyFlat","Publication",Supported,994.96357781546453,4.4328460733373163,16.58619125473443,996.15383148193359,1018.7313079833984,1005061.9161312351,2208,0.3509521484375,0,0,14
"ViShap.Viper.Serialization.Benchmarks.Suites.ProfileMatrixBenchmarks","'WL-04 deserialize ← byte[]'","Profile=TightLimits; Data=DATA-01 TinyFlat","Publication",Supported,1193.5536702473958,18.983658777889243,73.52339429684929,1199.226188659668,1306.1947441101074,837834.12922916433,1488,0.23651123046875,0,0,15
"ViShap.Viper.Serialization.Benchmarks.Suites.ProfileMatrixBenchmarks","'WL-06 round trip'","Profile=TightLimits; Data=DATA-01 TinyFlat","Publication",Supported,2384.4735972086587,14.722768122446261,57.02103574830781,2382.0644378662109,2471.1519622802734,419379.77471028914,3697,0.58746337890625,0,0,15
"ViShap.Viper.Serialization.Benchmarks.Suites.ProfileMatrixBenchmarks","'WL-01 serialize → byte[]'","Profile=TightLimits; Data=DATA-02 MediumObject","Publication",Supported,9275.0548299153652,73.897018986038617,286.20192386730088,9241.8853759765625,9718.1051635742188,107816.07422682212,13042,2.0751953125,0.0152587890625,0,15
"ViShap.Viper.Serialization.Benchmarks.Suites.ProfileMatrixBenchmarks","'WL-04 deserialize ← byte[]'","Profile=TightLimits; Data=DATA-02 MediumObject","Publication",Supported,11465.06591796875,31.000089058670515,120.06282865517767,11443.800354003906,11679.977569580078,87221.478459425081,15725,2.50244140625,0.030517578125,0,15
"ViShap.Viper.Serialization.Benchmarks.Suites.ProfileMatrixBenchmarks","'WL-06 round trip'","Profile=TightLimits; Data=DATA-02 MediumObject","Publication",Supported,22118.458658854168,68.957080379581143,267.069623913204,22108.941650390625,22490.47607421875,45211.106950243717,28770,4.57763671875,0.091552734375,0,15
"ViShap.Viper.Serialization.Benchmarks.Suites.ProfileMatrixBenchmarks","'WL-01 serialize → byte[]'","Profile=TightLimits; Data=DATA-03 RecordBatchSmall","Publication",Supported,150727.42838541666,794.45341908640683,3076.9048614591952,150298.9501953125,154974.765625,6634.4925453312726,223998,35.64453125,5.615234375,0,15
"ViShap.Viper.Serialization.Benchmarks.Suites.ProfileMatrixBenchmarks","'WL-04 deserialize ← byte[]'","Profile=TightLimits; Data=DATA-03 RecordBatchSmall","Publication",Supported,135498.63630022321,403.92659414667338,1511.3549247033402,135556.982421875,137762.0556640625,7380.1480760611366,168834,26.85546875,4.39453125,0,14
"ViShap.Viper.Serialization.Benchmarks.Suites.ProfileMatrixBenchmarks","'WL-06 round trip'","Profile=TightLimits; Data=DATA-03 RecordBatchSmall","Publication",Supported,274934.599609375,851.45811078951851,3297.683083081035,274798.486328125,280701.8798828125,3637.2286406323265,392872,62.5,12.20703125,0,15
"ViShap.Viper.Serialization.Benchmarks.Suites.ProfileMatrixBenchmarks","'WL-01 serialize → byte[]'","Profile=TightLimits; Data=DATA-04 RecordBatchLarge","Publication",Supported,11997900.625,79634.887869411687,308424.59449532651,11963776.5625,12437031.40625,83.347914877399646,16763385,1968.75,781.25,781.25,15
"ViShap.Viper.Serialization.Benchmarks.Suites.ProfileMatrixBenchmarks","'WL-04 deserialize ← byte[]'","Profile=TightLimits; Data=DATA-04 RecordBatchLarge","Publication",Supported,20635306.25,104087.06218240997,403127.45838812966,20618300,21081575.9375,48.460632853462009,13789638,2312.5,1187.5,468.75,15
"ViShap.Viper.Serialization.Benchmarks.Suites.ProfileMatrixBenchmarks","'WL-06 round trip'","Profile=TightLimits; Data=DATA-04 RecordBatchLarge","Publication",Supported,31219586.25,111296.42755261599,431049.21040366206,31217293.75,31884960.9375,32.031174019803032,30553685,4093.75,1593.75,1062.5,15
"ViShap.Viper.Serialization.Benchmarks.Suites.ProfileMatrixBenchmarks","'WL-01 serialize → byte[]'","Profile=TightLimits; Data=DATA-05 DictionaryHeavy","Publication",Supported,4308989.322916667,7502.8791362925376,29058.525943468088,4315928.90625,4343158.359375,232.07298163438483,6146858,1398.4375,1000,992.1875,15
"ViShap.Viper.Serialization.Benchmarks.Suites.ProfileMatrixBenchmarks","'WL-04 deserialize ← byte[]'","Profile=TightLimits; Data=DATA-05 DictionaryHeavy","Publication",Supported,11488651.666666666,78229.631812022679,302982.06118790177,11494342.1875,11879607.34375,87.042416204628594,7739228,1343.75,671.875,328.125,15
"ViShap.Viper.Serialization.Benchmarks.Suites.ProfileMatrixBenchmarks","'WL-06 round trip'","Profile=TightLimits; Data=DATA-05 DictionaryHeavy","Publication",Supported,16765739.166666666,168629.08456233123,653097.6361961111,16854584.375,17644211.25,59.645446589565317,13888230,2437.5,1812.5,1000,15
"ViShap.Viper.Serialization.Benchmarks.Suites.ProfileMatrixBenchmarks","'WL-01 serialize → byte[]'","Profile=TightLimits; Data=DATA-07/unicode UnicodeHeavy","Publication",Supported,399373.21079799108,2531.6302297323714,9472.4929496583372,399570.60546875,416254.57275390625,2503.9235806575293,769419,147.94921875,147.94921875,147.94921875,14
"ViShap.Viper.Serialization.Benchmarks.Suites.ProfileMatrixBenchmarks","'WL-04 deserialize ← byte[]'","Profile=TightLimits; Data=DATA-07/unicode UnicodeHeavy","Publication",Supported,433918.99762834824,1710.4131050467627,6399.7798289331731,431310.7421875,445004.32861328125,2304.5775950480515,646493,106.93359375,35.64453125,35.64453125,14
"ViShap.Viper.Serialization.Benchmarks.Suites.ProfileMatrixBenchmarks","'WL-06 round trip'","Profile=TightLimits; Data=DATA-07/unicode UnicodeHeavy","Publication",Supported,879668.80208333337,2585.7339449119022,10014.504506367004,878007.8125,895146.1328125,1136.7914806478125,1415972,183.59375,183.59375,183.59375,15
"ViShap.Viper.Serialization.Benchmarks.Suites.ProfileMatrixBenchmarks","'WL-01 serialize → byte[]'","Profile=Deflate; Data=DATA-01 TinyFlat","Publication",Supported,8196.4237467447911,22.915031488332744,88.749535332131273,8209.8251342773438,8335.7530212402344,122004.42911424021,2864,0.4425048828125,0,0,15
"ViShap.Viper.Serialization.Benchmarks.Suites.ProfileMatrixBenchmarks","'WL-04 deserialize ← byte[]'","Profile=Deflate; Data=DATA-01 TinyFlat","Publication",Supported,2571.5538533528647,8.2875777577884318,32.097650636313602,2556.1862945556641,2617.1245956420898,388869.94285426755,2064,0.32806396484375,0,0,15
"ViShap.Viper.Serialization.Benchmarks.Suites.ProfileMatrixBenchmarks","'WL-06 round trip'","Profile=Deflate; Data=DATA-01 TinyFlat","Publication",Supported,11641.329134427584,119.54156827584232,431.01325396792885,11552.320861816406,12394.763793945312,85900.844177890438,4929,0.7781982421875,0,0,13
"ViShap.Viper.Serialization.Benchmarks.Suites.ProfileMatrixBenchmarks","'WL-01 serialize → byte[]'","Profile=Deflate; Data=DATA-02 MediumObject","Publication",Supported,36680.01491001674,132.88524782096269,497.21106910259084,36706.549072265625,37376.202392578125,27262.802440326042,14987,2.38037109375,0,0,14
"ViShap.Viper.Serialization.Benchmarks.Suites.ProfileMatrixBenchmarks","'WL-04 deserialize ← byte[]'","Profile=Deflate; Data=DATA-02 MediumObject","Publication",Supported,20273.922293526786,158.7058963118813,593.82308925992993,20225.177001953125,21097.77587890625,49324.446721357301,17982,2.8076171875,0,0,14
"ViShap.Viper.Serialization.Benchmarks.Suites.ProfileMatrixBenchmarks","'WL-06 round trip'","Profile=Deflate; Data=DATA-02 MediumObject","Publication",Supported,58543.903459821428,513.16499049137497,1920.0875773058324,58414.00146484375,61431.80419921875,17081.197885725167,32972,5.126953125,0,0,14
"ViShap.Viper.Serialization.Benchmarks.Suites.ProfileMatrixBenchmarks","'WL-01 serialize → byte[]'","Profile=Deflate; Data=DATA-03 RecordBatchSmall","Publication",Supported,560020.12369791663,4639.0243393021274,17966.864008768007,554991.015625,592714.12109375,1785.65011806507,292384,45.8984375,3.90625,0,15
"ViShap.Viper.Serialization.Benchmarks.Suites.ProfileMatrixBenchmarks","'WL-04 deserialize ← byte[]'","Profile=Deflate; Data=DATA-03 RecordBatchSmall","Publication",Supported,211569.25920758929,3391.9632029402896,12691.564173946932,211177.33154296875,230420.67016601562,4726.5845886372917,205354,32.470703125,4.638671875,0,14
"ViShap.Viper.Serialization.Benchmarks.Suites.ProfileMatrixBenchmarks","'WL-06 round trip'","Profile=Deflate; Data=DATA-03 RecordBatchSmall","Publication",Supported,827124.06529017852,9299.2557308318519,34794.628896766902,821480.078125,889551.4892578125,1209.0084691819138,497790,79.1015625,11.71875,0,14
"ViShap.Viper.Serialization.Benchmarks.Suites.ProfileMatrixBenchmarks","'WL-01 serialize → byte[]'","Profile=Deflate; Data=DATA-04 RecordBatchLarge","Publication",Supported,57259725.396825396,495255.38808996062,1853075.9811863962,57398327.777777776,59617809.44444444,17.464282147176384,21788470,2222.2222222222222,1111.1111111111111,1111.1111111111111,14
"ViShap.Viper.Serialization.Benchmarks.Suites.ProfileMatrixBenchmarks","'WL-04 deserialize ← byte[]'","Profile=Deflate; Data=DATA-04 RecordBatchLarge","Publication",Supported,25961711.25,906881.32540584716,3512336.2702833554,24892400,32815765.625,38.518262158084823,16667400,2375,1093.75,531.25,15
"ViShap.Viper.Serialization.Benchmarks.Suites.ProfileMatrixBenchmarks","'WL-06 round trip'","Profile=Deflate; Data=DATA-04 RecordBatchLarge","Publication",Supported,76468678.021978036,746611.5296579944,2691946.1530345017,75764414.285714284,80592025.714285716,13.077249742863186,38453614,4142.8571428571431,1714.2857142857142,1142.8571428571429,13
"ViShap.Viper.Serialization.Benchmarks.Suites.ProfileMatrixBenchmarks","'WL-01 serialize → byte[]'","Profile=Deflate; Data=DATA-05 DictionaryHeavy","Publication",Supported,14420069.0625,89513.075268631103,346682.64978321927,14390176.5625,14987656.5625,69.347795469339488,7259432,1375,968.75,968.75,15
"ViShap.Viper.Serialization.Benchmarks.Suites.ProfileMatrixBenchmarks","'WL-04 deserialize ← byte[]'","Profile=Deflate; Data=DATA-05 DictionaryHeavy","Publication",Supported,10697786.848958334,97377.652592352955,337326.08362349303,10740296.09375,11138510.234375,93.47727844263153,8501740,1515.625,859.375,500,12
"ViShap.Viper.Serialization.Benchmarks.Suites.ProfileMatrixBenchmarks","'WL-06 round trip'","Profile=Deflate; Data=DATA-05 DictionaryHeavy","Publication",Supported,31686122.355769232,867372.12949712435,3127354.6878102729,30556965.625,38077310,31.559557486147419,15757198,3000,2375,1531.25,13
"ViShap.Viper.Serialization.Benchmarks.Suites.ProfileMatrixBenchmarks","'WL-01 serialize → byte[]'","Profile=Deflate; Data=DATA-07/unicode UnicodeHeavy","Publication",Supported,1579876.5024038462,14517.582557144311,52343.88830556543,1558563.28125,1675342.1875,632.96086654777093,597231,74.21875,74.21875,74.21875,13
"ViShap.Viper.Serialization.Benchmarks.Suites.ProfileMatrixBenchmarks","'WL-04 deserialize ← byte[]'","Profile=Deflate; Data=DATA-07/unicode UnicodeHeavy","Publication",Supported,545091.49088541663,2345.8785879678626,9085.5487034241032,547156.73828125,555272.71484375,1834.5544128301381,667161,106.4453125,35.15625,35.15625,15
"ViShap.Viper.Serialization.Benchmarks.Suites.ProfileMatrixBenchmarks","'WL-06 round trip'","Profile=Deflate; Data=DATA-07/unicode UnicodeHeavy","Publication",Supported,2160356.0677083335,19577.622714906051,75823.806733163176,2128814.84375,2293857.734375,462.88665787431137,1264501,218.75,109.375,109.375,15
"ViShap.Viper.Serialization.Benchmarks.Suites.ProfileMatrixBenchmarks","'WL-01 serialize → byte[]'","Profile=Brotli; Data=DATA-01 TinyFlat","Publication",Supported,13380.766623360771,46.55496215018664,174.19271802022709,13338.337707519531,13628.150787353516,74734.133562583258,2336,0.3662109375,0,0,14
"ViShap.Viper.Serialization.Benchmarks.Suites.ProfileMatrixBenchmarks","'WL-04 deserialize ← byte[]'","Profile=Brotli; Data=DATA-01 TinyFlat","Publication",Supported,1841.3405736287434,6.7666272789877793,23.440284486176754,1838.4511947631836,1875.8986282348633,543082.58576483361,1680,0.26702880859375,0,0,12
"ViShap.Viper.Serialization.Benchmarks.Suites.ProfileMatrixBenchmarks","'WL-06 round trip'","Profile=Brotli; Data=DATA-01 TinyFlat","Publication",Supported,20355.189279409555,229.50888463518422,827.506051726706,20442.977905273438,21507.651977539062,49127.521551055164,4017,0.6256103515625,0,0,13
"ViShap.Viper.Serialization.Benchmarks.Suites.ProfileMatrixBenchmarks","'WL-01 serialize → byte[]'","Profile=Brotli; Data=DATA-02 MediumObject","Publication",Supported,41045.208740234375,280.91051213506495,1087.961735273703,40598.388671875,42379.43115234375,24363.379568338136,13715,2.13623046875,0,0,15
"ViShap.Viper.Serialization.Benchmarks.Suites.ProfileMatrixBenchmarks","'WL-04 deserialize ← byte[]'","Profile=Brotli; Data=DATA-02 MediumObject","Publication",Supported,19466.936601911271,92.194654415253339,344.96080971390342,19430.426025390625,20097.794799804688,51369.150701493505,16726,2.655029296875,0,0,14
"ViShap.Viper.Serialization.Benchmarks.Suites.ProfileMatrixBenchmarks","'WL-06 round trip'","Profile=Brotli; Data=DATA-02 MediumObject","Publication",Supported,63249.669596354164,304.16944983344985,1178.0432136300237,63177.5146484375,64944.581298828125,15810.359269570667,30444,4.7607421875,0,0,15
"ViShap.Viper.Serialization.Benchmarks.Suites.ProfileMatrixBenchmarks","'WL-01 serialize → byte[]'","Profile=Brotli; Data=DATA-03 RecordBatchSmall","Publication",Supported,536148.85416666663,1950.213437130441,7553.1441635561232,536401.07421875,547475.361328125,1865.1536643760896,235678,37.109375,4.8828125,0,15
"ViShap.Viper.Serialization.Benchmarks.Suites.ProfileMatrixBenchmarks","'WL-04 deserialize ← byte[]'","Profile=Brotli; Data=DATA-03 RecordBatchSmall","Publication",Supported,229827.40559895834,827.71107163498164,3205.7111959137783,229476.5380859375,235200.98876953125,4351.0911912088013,187317,29.78515625,4.39453125,0,15
"ViShap.Viper.Serialization.Benchmarks.Suites.ProfileMatrixBenchmarks","'WL-06 round trip'","Profile=Brotli; Data=DATA-03 RecordBatchSmall","Publication",Supported,794157.89388020837,2199.3198905344766,7618.6675850050697,795266.9921875,801751.62109375,1259.1954417452923,423046,67.3828125,10.7421875,0,12
"ViShap.Viper.Serialization.Benchmarks.Suites.ProfileMatrixBenchmarks","'WL-01 serialize → byte[]'","Profile=Brotli; Data=DATA-04 RecordBatchLarge","Publication",Supported,39721397.252747245,154728.98028366771,578942.83202638477,39886223.076923072,40485279.230769232,25.175348028091765,17636847,2307.6923076923076,1153.8461538461538,1153.8461538461538,14
"ViShap.Viper.Serialization.Benchmarks.Suites.ProfileMatrixBenchmarks","'WL-04 deserialize ← byte[]'","Profile=Brotli; Data=DATA-04 RecordBatchLarge","Publication",Supported,28138905.416666668,191696.12236638367,742435.88945754315,28195706.25,29329685.625,35.537985049258531,15240066,2375,1250,562.5,15
"ViShap.Viper.Serialization.Benchmarks.Suites.ProfileMatrixBenchmarks","'WL-06 round trip'","Profile=Brotli; Data=DATA-04 RecordBatchLarge","Publication",Supported,65339451.666666664,268214.62657271256,1038790.7819253572,64892700,66863243.75,15.30468919607044,32878523,4250,1875,1250,15
"ViShap.Viper.Serialization.Benchmarks.Suites.ProfileMatrixBenchmarks","'WL-01 serialize → byte[]'","Profile=Brotli; Data=DATA-05 DictionaryHeavy","Publication",Supported,12591833.258928571,38221.439550613017,143011.53162768486,12620005.46875,12774235.234375,79.416553526145506,6184127,1343.75,937.5,937.5,14
"ViShap.Viper.Serialization.Benchmarks.Suites.ProfileMatrixBenchmarks","'WL-04 deserialize ← byte[]'","Profile=Brotli; Data=DATA-05 DictionaryHeavy","Publication",Supported,17838793.958333332,971015.43944196333,3760726.6258690008,16801259.375,25572852.5,56.05760133424566,8112574,1468.75,781.25,453.125,15
"ViShap.Viper.Serialization.Benchmarks.Suites.ProfileMatrixBenchmarks","'WL-06 round trip'","Profile=Brotli; Data=DATA-05 DictionaryHeavy","Publication",Supported,22722896.458333332,72384.778993869419,280345.04356216075,22715550,23128896.25,44.008474088401826,14298323,2500,1875,1062.5,15
"ViShap.Viper.Serialization.Benchmarks.Suites.ProfileMatrixBenchmarks","'WL-01 serialize → byte[]'","Profile=Brotli; Data=DATA-07/unicode UnicodeHeavy","Publication",Supported,1066139.0904017857,2158.3434508675314,8075.7817161336579,1069288.18359375,1074720.439453125,937.96391953243131,579016,76.171875,76.171875,76.171875,14
"ViShap.Viper.Serialization.Benchmarks.Suites.ProfileMatrixBenchmarks","'WL-04 deserialize ← byte[]'","Profile=Brotli; Data=DATA-07/unicode UnicodeHeavy","Publication",Supported,555517.26422991068,1669.4696879696626,6246.5835899868753,556194.43359375,563556.689453125,1800.1240724467066,658977,106.4453125,35.15625,35.15625,14
"ViShap.Viper.Serialization.Benchmarks.Suites.ProfileMatrixBenchmarks","'WL-06 round trip'","Profile=Brotli; Data=DATA-07/unicode UnicodeHeavy","Publication",Supported,1712245.625,5688.5684483752448,22031.730864318291,1713507.03125,1736740.0390625,584.02835749689825,1238126,218.75,109.375,109.375,15
"ViShap.Viper.Serialization.Benchmarks.Suites.ProfileMatrixBenchmarks","'WL-01 serialize → byte[]'","Profile=Crc32; Data=DATA-01 TinyFlat","Publication",Supported,1000.9660339355469,2.4695508102533315,9.5645291607241862,1001.2727737426758,1010.9929275512695,999034.8983853641,2232,0.354766845703125,0,0,15
"ViShap.Viper.Serialization.Benchmarks.Suites.ProfileMatrixBenchmarks","'WL-04 deserialize ← byte[]'","Profile=Crc32; Data=DATA-01 TinyFlat","Publication",Supported,1166.1518859863281,12.346740159830954,47.818719018975585,1143.2355880737305,1248.356819152832,857521.23031058058,1528,0.2422332763671875,0,0,15
"ViShap.Viper.Serialization.Benchmarks.Suites.ProfileMatrixBenchmarks","'WL-06 round trip'","Profile=Crc32; Data=DATA-01 TinyFlat","Publication",Supported,2268.3360508510045,14.92278809851034,55.835960320053474,2274.786376953125,2353.4397888183594,440851.78632365039,3761,0.579833984375,0,0,14
"ViShap.Viper.Serialization.Benchmarks.Suites.ProfileMatrixBenchmarks","'WL-01 serialize → byte[]'","Profile=Crc32; Data=DATA-02 MediumObject","Publication",Supported,9012.869873046875,30.16716290048096,116.83691951588899,9011.761474609375,9168.5279846191406,110952.45067173502,13058,2.0751953125,0.0152587890625,0,15
"ViShap.Viper.Serialization.Benchmarks.Suites.ProfileMatrixBenchmarks","'WL-04 deserialize ← byte[]'","Profile=Crc32; Data=DATA-02 MediumObject","Publication",Supported,11102.798025948661,23.79138567915604,89.019213968001964,11089.982604980469,11267.613143920898,90067.386406820326,15765,2.50244140625,0.030517578125,0,14
"ViShap.Viper.Serialization.Benchmarks.Suites.ProfileMatrixBenchmarks","'WL-06 round trip'","Profile=Crc32; Data=DATA-02 MediumObject","Publication",Supported,21803.046061197918,42.582925702381907,164.9229620781129,21784.738159179688,22024.858703613281,45865.15100656799,28826,4.57763671875,0.06103515625,0,15
"ViShap.Viper.Serialization.Benchmarks.Suites.ProfileMatrixBenchmarks","'WL-01 serialize → byte[]'","Profile=Crc32; Data=DATA-03 RecordBatchSmall","Publication",Supported,133373.08756510416,905.17364345911028,3505.7224465430245,133349.6337890625,137581.4111328125,7497.7644909949649,224014,35.64453125,5.615234375,0,15
"ViShap.Viper.Serialization.Benchmarks.Suites.ProfileMatrixBenchmarks","'WL-04 deserialize ← byte[]'","Profile=Crc32; Data=DATA-03 RecordBatchSmall","Publication",Supported,132684.80305989584,472.06145936038342,1828.2861704891343,132570.703125,135109.3359375,7536.6581321945778,168874,26.85546875,4.39453125,0,15
"ViShap.Viper.Serialization.Benchmarks.Suites.ProfileMatrixBenchmarks","'WL-06 round trip'","Profile=Crc32; Data=DATA-03 RecordBatchSmall","Publication",Supported,261318.40122767858,1069.4973629806709,4001.6927083318787,261932.6416015625,266419.3212890625,3826.7492656543968,392928,62.5,12.20703125,0,14
"ViShap.Viper.Serialization.Benchmarks.Suites.ProfileMatrixBenchmarks","'WL-01 serialize → byte[]'","Profile=Crc32; Data=DATA-04 RecordBatchLarge","Publication",Supported,12008471.979166666,103251.1489980903,399889.98054638435,12026198.4375,12610883.125,83.274541651501238,16763838,1937.5,750,750,15
"ViShap.Viper.Serialization.Benchmarks.Suites.ProfileMatrixBenchmarks","'WL-04 deserialize ← byte[]'","Profile=Crc32; Data=DATA-04 RecordBatchLarge","Publication",Supported,20559976.458333332,82840.705856858796,320840.67417168134,20547031.25,20948677.1875,48.638187987549074,13789684,2312.5,1187.5,468.75,15
"ViShap.Viper.Serialization.Benchmarks.Suites.ProfileMatrixBenchmarks","'WL-06 round trip'","Profile=Crc32; Data=DATA-04 RecordBatchLarge","Publication",Supported,31432358.75,103993.17833974322,402763.84782900335,31553056.25,31873992.1875,31.814348008483456,30555060,4093.75,1750,1062.5,15
"ViShap.Viper.Serialization.Benchmarks.Suites.ProfileMatrixBenchmarks","'WL-01 serialize → byte[]'","Profile=Crc32; Data=DATA-05 DictionaryHeavy","Publication",Supported,4490830.3125,6457.4439087594801,25009.572717693994,4498956.25,4522112.8125,222.67597090376591,6146890,1390.625,992.1875,984.375,15
"ViShap.Viper.Serialization.Benchmarks.Suites.ProfileMatrixBenchmarks","'WL-04 deserialize ← byte[]'","Profile=Crc32; Data=DATA-05 DictionaryHeavy","Publication",Supported,11103094.6875,84610.935728855839,327696.7449848848,11151418.75,11567597.03125,90.064979912835682,7739116,1343.75,671.875,328.125,15
"ViShap.Viper.Serialization.Benchmarks.Suites.ProfileMatrixBenchmarks","'WL-06 round trip'","Profile=Crc32; Data=DATA-05 DictionaryHeavy","Publication",Supported,16015533.541666666,115014.71688491784,445450.08306404779,15969459.375,16642899.6875,62.439380954643759,13886915,2437.5,1875,1000,15
"ViShap.Viper.Serialization.Benchmarks.Suites.ProfileMatrixBenchmarks","'WL-01 serialize → byte[]'","Profile=Crc32; Data=DATA-07/unicode UnicodeHeavy","Publication",Supported,409283.125,950.28386951338518,3680.4336007948832,409057.8125,414836.728515625,2443.2964344669722,769451,147.94921875,147.94921875,147.94921875,15
"ViShap.Viper.Serialization.Benchmarks.Suites.ProfileMatrixBenchmarks","'WL-04 deserialize ← byte[]'","Profile=Crc32; Data=DATA-07/unicode UnicodeHeavy","Publication",Supported,443369.697265625,934.45408711705898,3619.1251171998242,444403.90625,448012.8173828125,2255.4540965863416,646533,106.93359375,35.64453125,35.64453125,15
"ViShap.Viper.Serialization.Benchmarks.Suites.ProfileMatrixBenchmarks","'WL-06 round trip'","Profile=Crc32; Data=DATA-07/unicode UnicodeHeavy","Publication",Supported,857110.72916666663,3726.0159955313175,14430.797898395242,861021.875,879167.8125,1166.7103980512047,1416044,183.59375,183.59375,183.59375,15
"ViShap.Viper.Serialization.Benchmarks.Suites.ProfileMatrixBenchmarks","'WL-01 serialize → byte[]'","Profile=Aes256Gcm; Data=DATA-01 TinyFlat","Publication",Supported,2135.7846832275391,4.5048909835533202,17.447367755781961,2137.8009796142578,2162.2142791748047,468211.99152380263,2560,0.40435791015625,0,0,15
"ViShap.Viper.Serialization.Benchmarks.Suites.ProfileMatrixBenchmarks","'WL-04 deserialize ← byte[]'","Profile=Aes256Gcm; Data=DATA-01 TinyFlat","Publication",Supported,2629.0015411376953,26.257330084634944,101.69420213366213,2640.7386779785156,2766.6526031494141,380372.54233303032,1976,0.31280517578125,0,0,15
"ViShap.Viper.Serialization.Benchmarks.Suites.ProfileMatrixBenchmarks","'WL-06 round trip'","Profile=Aes256Gcm; Data=DATA-01 TinyFlat","Publication",Supported,5016.9193267822266,26.054579954990654,97.487311547883039,5002.0565032958984,5173.2610702514648,199325.50931437526,4537,0.7171630859375,0,0,14
"ViShap.Viper.Serialization.Benchmarks.Suites.ProfileMatrixBenchmarks","'WL-01 serialize → byte[]'","Profile=Aes256Gcm; Data=DATA-02 MediumObject","Publication",Supported,11130.962524414062,43.344709769588228,167.87333908380913,11111.679077148438,11406.741180419922,89839.490323200094,14363,2.288818359375,0.0152587890625,0,15
"ViShap.Viper.Serialization.Benchmarks.Suites.ProfileMatrixBenchmarks","'WL-04 deserialize ← byte[]'","Profile=Aes256Gcm; Data=DATA-02 MediumObject","Publication",Supported,12864.456503731864,34.812752202145191,130.25739143108734,12902.443695068359,12990.113372802734,77733.559883381691,17159,2.7313232421875,0.0457763671875,0,14
"ViShap.Viper.Serialization.Benchmarks.Suites.ProfileMatrixBenchmarks","'WL-06 round trip'","Profile=Aes256Gcm; Data=DATA-02 MediumObject","Publication",Supported,25125.963541666668,63.414978404333766,245.60515526008768,25102.529907226562,25455.924682617188,39799.468718550386,31524,5.0048828125,0.1220703125,0,15
"ViShap.Viper.Serialization.Benchmarks.Suites.ProfileMatrixBenchmarks","'WL-01 serialize → byte[]'","Profile=Aes256Gcm; Data=DATA-03 RecordBatchSmall","Publication",Supported,135757.4658203125,460.03862230195335,1781.7219227876694,136189.794921875,137961.8505859375,7366.0773936631376,246023,39.0625,5.37109375,0,15
"ViShap.Viper.Serialization.Benchmarks.Suites.ProfileMatrixBenchmarks","'WL-04 deserialize ← byte[]'","Profile=Aes256Gcm; Data=DATA-03 RecordBatchSmall","Publication",Supported,141888.96321614584,594.10510345145826,2300.9591715643323,142012.8173828125,145277.3876953125,7047.7645148245601,190974,30.2734375,4.39453125,0,15
"ViShap.Viper.Serialization.Benchmarks.Suites.ProfileMatrixBenchmarks","'WL-06 round trip'","Profile=Aes256Gcm; Data=DATA-03 RecordBatchSmall","Publication",Supported,288836.66585286456,534.87717611361143,1852.8688896754825,289464.84375,290659.59228515625,3462.1643240730632,437040,69.3359375,11.23046875,0,12
"ViShap.Viper.Serialization.Benchmarks.Suites.ProfileMatrixBenchmarks","'WL-01 serialize → byte[]'","Profile=Aes256Gcm; Data=DATA-04 RecordBatchLarge","Publication",Supported,12427337.860576924,61907.19415038672,223209.56282932364,12444029.6875,12668081.25,80.467756748795452,18503900,2000,812.5,812.5,13
"ViShap.Viper.Serialization.Benchmarks.Suites.ProfileMatrixBenchmarks","'WL-04 deserialize ← byte[]'","Profile=Aes256Gcm; Data=DATA-04 RecordBatchLarge","Publication",Supported,20601882.03125,120163.17887916377,416257.46203539812,20530204.6875,21179035.15625,48.53925473814229,15530434,2812.5,1937.5,968.75,12
"ViShap.Viper.Serialization.Benchmarks.Suites.ProfileMatrixBenchmarks","'WL-06 round trip'","Profile=Aes256Gcm; Data=DATA-04 RecordBatchLarge","Publication",Supported,32326316.071428571,123281.6873272412,461277.83604192745,32217815.625,33143588.4375,30.934548737022475,34033901,3687.5,1500,687.5,14
"ViShap.Viper.Serialization.Benchmarks.Suites.ProfileMatrixBenchmarks","'WL-01 serialize → byte[]'","Profile=Aes256Gcm; Data=DATA-05 DictionaryHeavy","Publication",Supported,4833807.34375,12696.561865675993,49173.572659855294,4833415.625,4896838.515625,206.87626313716797,6687822,1398.4375,1000,992.1875,15
"ViShap.Viper.Serialization.Benchmarks.Suites.ProfileMatrixBenchmarks","'WL-04 deserialize ← byte[]'","Profile=Aes256Gcm; Data=DATA-05 DictionaryHeavy","Publication",Supported,15363954.129464285,38800.098893701179,145176.67663317645,15405007.8125,15527327.1875,65.087411194638094,8280352,1515.625,937.5,500,14
"ViShap.Viper.Serialization.Benchmarks.Suites.ProfileMatrixBenchmarks","'WL-06 round trip'","Profile=Aes256Gcm; Data=DATA-05 DictionaryHeavy","Publication",Supported,16351701.116071429,105852.8531609904,396065.10994091706,16452742.1875,16811890,61.155716637771725,14969861,2406.25,1687.5,968.75,14
"ViShap.Viper.Serialization.Benchmarks.Suites.ProfileMatrixBenchmarks","'WL-01 serialize → byte[]'","Profile=Aes256Gcm; Data=DATA-07/unicode UnicodeHeavy","Publication",Supported,475601.50390625,2089.217737344497,8091.5055033363788,477416.2109375,486747.099609375,2102.6005842847771,883573,184.5703125,184.5703125,184.5703125,15
"ViShap.Viper.Serialization.Benchmarks.Suites.ProfileMatrixBenchmarks","'WL-04 deserialize ← byte[]'","Profile=Aes256Gcm; Data=DATA-07/unicode UnicodeHeavy","Publication",Supported,522946.14583333331,1459.5566842226065,5652.8387308398724,520949.21875,531185.390625,1912.2427958742567,760728,142.578125,71.2890625,71.2890625,15
"ViShap.Viper.Serialization.Benchmarks.Suites.ProfileMatrixBenchmarks","'WL-06 round trip'","Profile=Aes256Gcm; Data=DATA-07/unicode UnicodeHeavy","Publication",Supported,1080579.2217548077,2853.4614215334404,10288.301467897183,1079373.6328125,1093696.5234375,925.42960281620901,1644357,246.09375,246.09375,246.09375,13
"ViShap.Viper.Serialization.Benchmarks.Suites.ProfileMatrixBenchmarks","'WL-01 serialize → byte[]'","Profile=ProtectedBrotli; Data=DATA-01 TinyFlat","Publication",Supported,14783.135579427084,38.287579535030027,148.28715790576322,14748.007202148438,14997.346496582031,67644.64782367603,2704,0.42724609375,0,0,15
"ViShap.Viper.Serialization.Benchmarks.Suites.ProfileMatrixBenchmarks","'WL-04 deserialize ← byte[]'","Profile=ProtectedBrotli; Data=DATA-01 TinyFlat","Publication",Supported,3349.0728505452475,7.6897043692792231,29.782096959476842,3353.2375335693359,3387.9856491088867,298590.10079078883,2209,0.3509521484375,0,0,15
"ViShap.Viper.Serialization.Benchmarks.Suites.ProfileMatrixBenchmarks","'WL-06 round trip'","Profile=ProtectedBrotli; Data=DATA-01 TinyFlat","Publication",Supported,20614.688924153645,60.786569336413002,235.42537071301001,20621.902465820312,20935.827331542969,48509.099685143854,4913,0.762939453125,0,0,15
"ViShap.Viper.Serialization.Benchmarks.Suites.ProfileMatrixBenchmarks","'WL-01 serialize → byte[]'","Profile=ProtectedBrotli; Data=DATA-02 MediumObject","Publication",Supported,42145.582275390625,93.697734001342297,362.88976336457114,42154.23583984375,42615.862426757812,23727.279254696961,14931,2.3193359375,0,0,15
"ViShap.Viper.Serialization.Benchmarks.Suites.ProfileMatrixBenchmarks","'WL-04 deserialize ← byte[]'","Profile=ProtectedBrotli; Data=DATA-02 MediumObject","Publication",Supported,21388.83775983538,42.428998543984854,158.75477581552173,21362.457275390625,21625.552215576172,46753.358514777785,18064,2.86865234375,0.030517578125,0,14
"ViShap.Viper.Serialization.Benchmarks.Suites.ProfileMatrixBenchmarks","'WL-06 round trip'","Profile=ProtectedBrotli; Data=DATA-02 MediumObject","Publication",Supported,69549.393717447922,165.77288462346678,642.03562139945041,69522.8271484375,70420.69091796875,14378.270557793936,32998,5.2490234375,0,0,15
"ViShap.Viper.Serialization.Benchmarks.Suites.ProfileMatrixBenchmarks","'WL-01 serialize → byte[]'","Profile=ProtectedBrotli; Data=DATA-03 RecordBatchSmall","Publication",Supported,524593.984375,1632.008227269265,6320.7406850873531,523473.828125,533856.123046875,1906.236117425932,254376,40.0390625,4.8828125,0,15
"ViShap.Viper.Serialization.Benchmarks.Suites.ProfileMatrixBenchmarks","'WL-04 deserialize ← byte[]'","Profile=ProtectedBrotli; Data=DATA-03 RecordBatchSmall","Publication",Supported,229785.90901692709,568.99289619946023,2203.7000110908348,230253.06396484375,232635.498046875,4351.8769461461425,206137,32.71484375,4.638671875,0,15
"ViShap.Viper.Serialization.Benchmarks.Suites.ProfileMatrixBenchmarks","'WL-06 round trip'","Profile=ProtectedBrotli; Data=DATA-03 RecordBatchSmall","Publication",Supported,810602.35126201925,1615.0020256834362,5822.9726135798392,812107.12890625,818755.25390625,1233.6505050140916,460568,73.2421875,10.7421875,0,13
"ViShap.Viper.Serialization.Benchmarks.Suites.ProfileMatrixBenchmarks","'WL-01 serialize → byte[]'","Profile=ProtectedBrotli; Data=DATA-04 RecordBatchLarge","Publication",Supported,41148785.128205128,93778.637018463211,363203.09940253838,41073746.153846152,41732102.307692304,24.302054043256735,19085695,2230.7692307692309,1076.9230769230769,1076.9230769230769,15
"ViShap.Viper.Serialization.Benchmarks.Suites.ProfileMatrixBenchmarks","'WL-04 deserialize ← byte[]'","Profile=ProtectedBrotli; Data=DATA-04 RecordBatchLarge","Publication",Supported,23709605.416666668,916752.64630849159,3550567.7317443662,20690156.25,27957006.5625,42.176998833436933,16698402,2812.5,1718.75,968.75,15
"ViShap.Viper.Serialization.Benchmarks.Suites.ProfileMatrixBenchmarks","'WL-06 round trip'","Profile=ProtectedBrotli; Data=DATA-04 RecordBatchLarge","Publication",Supported,64861285,317697.33249307319,1230436.4778801929,64676300,66666625,15.417517553036452,35780124,4125,1625,1125,15
"ViShap.Viper.Serialization.Benchmarks.Suites.ProfileMatrixBenchmarks","'WL-01 serialize → byte[]'","Profile=ProtectedBrotli; Data=DATA-05 DictionaryHeavy","Publication",Supported,12737168.526785715,28590.589928260386,106976.19199730012,12781212.5,12846995.390625,78.510384619395055,6556714,1390.625,984.375,984.375,14
"ViShap.Viper.Serialization.Benchmarks.Suites.ProfileMatrixBenchmarks","'WL-04 deserialize ← byte[]'","Profile=ProtectedBrotli; Data=DATA-05 DictionaryHeavy","Publication",Supported,15160708.75,51388.159986406448,199025.48781959453,15159657.8125,15432611.25,65.959976970074038,8485347,1531.25,875,500,15
"ViShap.Viper.Serialization.Benchmarks.Suites.ProfileMatrixBenchmarks","'WL-06 round trip'","Profile=ProtectedBrotli; Data=DATA-05 DictionaryHeavy","Publication",Supported,22842557.366071429,78301.365658800729,292976.88321173919,22688810.9375,23289408.75,43.77793536748748,15047603,2906.25,2281.25,1468.75,14
"ViShap.Viper.Serialization.Benchmarks.Suites.ProfileMatrixBenchmarks","'WL-01 serialize → byte[]'","Profile=ProtectedBrotli; Data=DATA-07/unicode UnicodeHeavy","Publication",Supported,1098479.6875,3124.4240160454715,12100.842180634607,1096636.5234375,1116097.12890625,910.34910465743133,591690,76.171875,76.171875,76.171875,15
"ViShap.Viper.Serialization.Benchmarks.Suites.ProfileMatrixBenchmarks","'WL-04 deserialize ← byte[]'","Profile=ProtectedBrotli; Data=DATA-07/unicode UnicodeHeavy","Publication",Supported,582103.203125,1779.9296349975673,6893.6378337666247,581794.3359375,592466.89453125,1717.9084303806201,671777,106.4453125,35.15625,35.15625,15
"ViShap.Viper.Serialization.Benchmarks.Suites.ProfileMatrixBenchmarks","'WL-06 round trip'","Profile=ProtectedBrotli; Data=DATA-07/unicode UnicodeHeavy","Publication",Supported,1740511.0677083333,4937.959320710499,19124.634213361453,1743295.703125,1766011.1328125,574.54389032795018,1263608,218.75,109.375,109.375,15
"ViShap.Viper.Serialization.Benchmarks.Suites.ProfileMatrixBenchmarks","'WL-01 serialize → byte[]'","Profile=ProtectedDeflate; Data=DATA-01 TinyFlat","Publication",Supported,9568.6772664388027,27.475592348701358,106.41251159370429,9571.5957641601562,9694.7262573242188,104507.65264154137,3216,0.5035400390625,0,0,15
"ViShap.Viper.Serialization.Benchmarks.Suites.ProfileMatrixBenchmarks","'WL-04 deserialize ← byte[]'","Profile=ProtectedDeflate; Data=DATA-01 TinyFlat","Publication",Supported,3798.9308929443359,24.043257494178448,93.119135863529806,3761.6409301757812,3964.4620132446289,263231.95345755731,2585,0.4119873046875,0,0,15
"ViShap.Viper.Serialization.Benchmarks.Suites.ProfileMatrixBenchmarks","'WL-06 round trip'","Profile=ProtectedDeflate; Data=DATA-01 TinyFlat","Publication",Supported,13598.233904157367,69.176240490610908,258.83379122094493,13571.749877929688,13932.005004882812,73538.961533399677,5801,0.91552734375,0,0,14
"ViShap.Viper.Serialization.Benchmarks.Suites.ProfileMatrixBenchmarks","'WL-01 serialize → byte[]'","Profile=ProtectedDeflate; Data=DATA-02 MediumObject","Publication",Supported,37389.901123046875,90.943743759120181,352.22360502082716,37348.199462890625,37860.447998046875,26745.189742788782,16220,2.5634765625,0,0,15
"ViShap.Viper.Serialization.Benchmarks.Suites.ProfileMatrixBenchmarks","'WL-04 deserialize ← byte[]'","Profile=ProtectedDeflate; Data=DATA-02 MediumObject","Publication",Supported,20638.923746744793,63.312826788996666,245.2095237550989,20623.175048828125,20976.996765136719,48452.138894002252,19335,3.082275390625,0.030517578125,0,15
"ViShap.Viper.Serialization.Benchmarks.Suites.ProfileMatrixBenchmarks","'WL-06 round trip'","Profile=ProtectedDeflate; Data=DATA-02 MediumObject","Publication",Supported,60384.620768229164,255.18062818340013,988.31032322905571,60600.48828125,61922.76611328125,16560.508077681614,35558,5.615234375,0,0,15
"ViShap.Viper.Serialization.Benchmarks.Suites.ProfileMatrixBenchmarks","'WL-01 serialize → byte[]'","Profile=ProtectedDeflate; Data=DATA-03 RecordBatchSmall","Publication",Supported,550082.45442708337,1480.0848962261314,5732.3441540569402,549060.64453125,557292.158203125,1817.9092824211425,310756,48.828125,6.8359375,0,15
"ViShap.Viper.Serialization.Benchmarks.Suites.ProfileMatrixBenchmarks","'WL-04 deserialize ← byte[]'","Profile=ProtectedDeflate; Data=DATA-03 RecordBatchSmall","Publication",Supported,194530.99446614584,514.58253138141208,1992.9695742894644,194103.173828125,197467.9931640625,5140.5690015841137,223846,35.64453125,5.37109375,0,15
"ViShap.Viper.Serialization.Benchmarks.Suites.ProfileMatrixBenchmarks","'WL-06 round trip'","Profile=ProtectedDeflate; Data=DATA-03 RecordBatchSmall","Publication",Supported,767982.64322916663,2654.2360943233716,10279.812190217037,768499.4140625,781589.04296875,1302.1127610322819,534657,83.984375,9.765625,0,15
"ViShap.Viper.Serialization.Benchmarks.Suites.ProfileMatrixBenchmarks","'WL-01 serialize → byte[]'","Profile=ProtectedDeflate; Data=DATA-04 RecordBatchLarge","Publication",Supported,53557521.333333336,245696.4077859516,951578.0955779769,53653820,54745354,18.671513824849399,23225092,2400,1200,1200,15
"ViShap.Viper.Serialization.Benchmarks.Suites.ProfileMatrixBenchmarks","'WL-04 deserialize ← byte[]'","Profile=ProtectedDeflate; Data=DATA-04 RecordBatchLarge","Publication",Supported,20937664.583333332,238401.61064828697,923325.46774984023,20293253.125,22392120.625,47.760818596550337,18106299,2437.5,1125,593.75,15
"ViShap.Viper.Serialization.Benchmarks.Suites.ProfileMatrixBenchmarks","'WL-06 round trip'","Profile=ProtectedDeflate; Data=DATA-04 RecordBatchLarge","Publication",Supported,73913125.714285702,135962.68436503914,526581.21225145215,73952857.142857149,74580100,13.529396711830888,41333003,3857.1428571428573,1571.4285714285713,857.14285714285711,15
"ViShap.Viper.Serialization.Benchmarks.Suites.ProfileMatrixBenchmarks","'WL-01 serialize → byte[]'","Profile=ProtectedDeflate; Data=DATA-05 DictionaryHeavy","Publication",Supported,14449593.645833334,16301.274275431728,63134.563790706459,14469082.8125,14534285,69.206098421207756,7635174,1406.25,984.375,984.375,15
"ViShap.Viper.Serialization.Benchmarks.Suites.ProfileMatrixBenchmarks","'WL-04 deserialize ← byte[]'","Profile=ProtectedDeflate; Data=DATA-05 DictionaryHeavy","Publication",Supported,10128956.25,28083.231730218165,108765.88879881866,10095846.875,10319327.5,98.726855494118652,8887293,1531.25,890.625,500,15
"ViShap.Viper.Serialization.Benchmarks.Suites.ProfileMatrixBenchmarks","'WL-06 round trip'","Profile=ProtectedDeflate; Data=DATA-05 DictionaryHeavy","Publication",Supported,24631020.208333332,56541.88877859091,218985.79360259464,24615325,24977463.125,40.599211544703834,16520018,2937.5,2375,1500,15
"ViShap.Viper.Serialization.Benchmarks.Suites.ProfileMatrixBenchmarks","'WL-01 serialize → byte[]'","Profile=ProtectedDeflate; Data=DATA-07/unicode UnicodeHeavy","Publication",Supported,1497907.9166666667,2932.9822313769496,11359.391336845194,1493657.6171875,1516249.55078125,667.5977801261148,607682,76.171875,76.171875,76.171875,15
"ViShap.Viper.Serialization.Benchmarks.Suites.ProfileMatrixBenchmarks","'WL-04 deserialize ← byte[]'","Profile=ProtectedDeflate; Data=DATA-07/unicode UnicodeHeavy","Publication",Supported,510383.94949776784,1450.9114554379698,5428.81356479441,511351.318359375,516662.822265625,1959.3092631224554,677737,106.4453125,35.15625,35.15625,14
"ViShap.Viper.Serialization.Benchmarks.Suites.ProfileMatrixBenchmarks","'WL-06 round trip'","Profile=ProtectedDeflate; Data=DATA-07/unicode UnicodeHeavy","Publication",Supported,2055311.40625,3768.1240837470204,14593.881822795292,2052037.5,2075398.046875,486.54427594723518,1285534,218.75,109.375,109.375,15
"ViShap.Viper.Serialization.Benchmarks.Suites.ProfileMatrixBenchmarks","'WL-01 serialize → byte[]'","Profile=Headerless; Data=DATA-01 TinyFlat","Publication",Supported,680.76641718546546,3.050729574665918,11.815424836463537,681.25724792480469,696.67763710021973,1468932.6246943285,1344,0.213623046875,0,0,15
"ViShap.Viper.Serialization.Benchmarks.Suites.ProfileMatrixBenchmarks","'WL-04 deserialize ← byte[]'","Profile=Headerless; Data=DATA-01 TinyFlat","Publication",Supported,788.98357391357422,2.1418377864481606,8.2953020771914847,788.05341720581055,800.84192276000977,1267453.5098870648,944,0.14972686767578125,0,0,15
"ViShap.Viper.Serialization.Benchmarks.Suites.ProfileMatrixBenchmarks","'WL-06 round trip'","Profile=Headerless; Data=DATA-01 TinyFlat","Publication",Supported,1572.0212391444616,7.4029353311669137,27.699247665670477,1563.1161689758301,1614.3013477325439,636123.72091373801,2288,0.3643035888671875,0,0,14
"ViShap.Viper.Serialization.Benchmarks.Suites.ProfileMatrixBenchmarks","'WL-01 serialize → byte[]'","Profile=Headerless; Data=DATA-02 MediumObject","Publication",Supported,9757.9653930664062,38.356847346815449,148.55543098723638,9760.6521606445312,9976.4633178710938,102480.37984542939,10146,1.6021728515625,0.0152587890625,0,15
"ViShap.Viper.Serialization.Benchmarks.Suites.ProfileMatrixBenchmarks","'WL-04 deserialize ← byte[]'","Profile=Headerless; Data=DATA-02 MediumObject","Publication",Supported,14578.264726911273,88.658319302315618,331.72905531647194,14534.893798828125,15153.686370849609,68595.269651950686,14243,2.25830078125,0.030517578125,0,14
"ViShap.Viper.Serialization.Benchmarks.Suites.ProfileMatrixBenchmarks","'WL-06 round trip'","Profile=Headerless; Data=DATA-02 MediumObject","Publication",Supported,26421.648297991072,154.80168599288004,579.21487188031972,26317.475891113281,27466.529998779297,37847.752294698184,24388,3.875732421875,0.06103515625,0,14
"ViShap.Viper.Serialization.Benchmarks.Suites.ProfileMatrixBenchmarks","'WL-01 serialize → byte[]'","Profile=Headerless; Data=DATA-03 RecordBatchSmall","Publication",Supported,138621.3720703125,765.40615880019641,2964.4053061177501,139571.0693359375,142490.2587890625,7213.8948350098062,179693,28.564453125,0,0,15
"ViShap.Viper.Serialization.Benchmarks.Suites.ProfileMatrixBenchmarks","'WL-04 deserialize ← byte[]'","Profile=Headerless; Data=DATA-03 RecordBatchSmall","Publication",Supported,175123.25032552084,670.35157196681917,2596.2604743314532,175320.5322265625,178351.72607421875,5710.2640462713543,146621,23.193359375,2.44140625,0,15
"ViShap.Viper.Serialization.Benchmarks.Suites.ProfileMatrixBenchmarks","'WL-06 round trip'","Profile=Headerless; Data=DATA-03 RecordBatchSmall","Publication",Supported,312196.47786458331,1401.2273177057714,5426.9300657253416,312498.681640625,319509.775390625,3203.1110883760666,326315,51.7578125,6.34765625,0,15
"ViShap.Viper.Serialization.Benchmarks.Suites.ProfileMatrixBenchmarks","'WL-01 serialize → byte[]'","Profile=Headerless; Data=DATA-04 RecordBatchLarge","Publication",Supported,12593979.791666666,90356.124485747816,349947.76536114549,12545495.3125,13078128.90625,79.403017675293697,13282823,2093.75,906.25,906.25,15
"ViShap.Viper.Serialization.Benchmarks.Suites.ProfileMatrixBenchmarks","'WL-04 deserialize ← byte[]'","Profile=Headerless; Data=DATA-04 RecordBatchLarge","Publication",Supported,21464463.333333332,88794.501094992243,343899.62397570122,21615178.125,22016553.125,46.588632777370478,12048684,2218.75,968.75,375,15
"ViShap.Viper.Serialization.Benchmarks.Suites.ProfileMatrixBenchmarks","'WL-06 round trip'","Profile=Headerless; Data=DATA-04 RecordBatchLarge","Publication",Supported,32376075.416666668,159173.6813877463,616477.01716926694,32628556.25,33001691.25,30.887004898846282,25331241,4000,1750,1000,15
"ViShap.Viper.Serialization.Benchmarks.Suites.ProfileMatrixBenchmarks","'WL-01 serialize → byte[]'","Profile=Headerless; Data=DATA-05 DictionaryHeavy","Publication",Supported,4826306.5625,7595.6077514437766,29417.662325665711,4819601.5625,4864498.4375,207.19777889160972,5066219,992.1875,593.75,585.9375,15
"ViShap.Viper.Serialization.Benchmarks.Suites.ProfileMatrixBenchmarks","'WL-04 deserialize ← byte[]'","Profile=Headerless; Data=DATA-05 DictionaryHeavy","Publication",Supported,12931428.60576923,9973.3167693390642,35959.304998296851,12933717.1875,12987128.125,77.330976374401502,7197165,1203.125,500,203.125,13
"ViShap.Viper.Serialization.Benchmarks.Suites.ProfileMatrixBenchmarks","'WL-06 round trip'","Profile=Headerless; Data=DATA-05 DictionaryHeavy","Publication",Supported,15522465.208333334,41719.792073736928,161580.05990881933,15526096.875,15707082.5,64.422756732168011,12262414,1968.75,968.75,968.75,15
"ViShap.Viper.Serialization.Benchmarks.Suites.ProfileMatrixBenchmarks","'WL-01 serialize → byte[]'","Profile=Headerless; Data=DATA-07/unicode UnicodeHeavy","Publication",Supported,409205.03255208331,684.19337596258833,2649.8695506885347,409065.576171875,413503.5888671875,2443.7627117225661,541095,76.66015625,76.66015625,76.66015625,15
"ViShap.Viper.Serialization.Benchmarks.Suites.ProfileMatrixBenchmarks","'WL-04 deserialize ← byte[]'","Profile=Headerless; Data=DATA-07/unicode UnicodeHeavy","Publication",Supported,493305.283203125,638.63276885634798,2473.4140781229667,493080.46875,497476.6552734375,2027.1422870373694,532184,84.47265625,24.4140625,0,15
"ViShap.Viper.Serialization.Benchmarks.Suites.ProfileMatrixBenchmarks","'WL-06 round trip'","Profile=Headerless; Data=DATA-07/unicode UnicodeHeavy","Publication",Supported,975195.44771634613,2191.4948803694888,7901.5471610890118,977274.21875,983892.4609375,1025.4354676713674,1073266,152.34375,76.171875,76.171875,13
"ViShap.Viper.Serialization.Benchmarks.Suites.ProfileStreamBenchmarks","'WL-02 serialize → Stream'","Profile=Default; Data=DATA-01 TinyFlat","Publication",Supported,954.27397319248746,3.4628242061852048,12.956701770172481,958.52861404418945,968.79875183105469,1047917.08470738,1720,0.2727508544921875,0,0,14
"ViShap.Viper.Serialization.Benchmarks.Suites.ProfileStreamBenchmarks","'WL-05 deserialize ← Stream'","Profile=Default; Data=DATA-01 TinyFlat","Publication",Supported,1066.5782519749232,3.8246172187523717,14.310407268127619,1068.9374923706055,1087.1496963500977,937577.71466683852,1424,0.2269744873046875,0,0,14
"ViShap.Viper.Serialization.Benchmarks.Suites.ProfileStreamBenchmarks","'WL-02 serialize → Stream'","Profile=Default; Data=DATA-02 MediumObject","Publication",Supported,8908.7206013997402,22.268657863613765,86.246141048166947,8922.2381591796875,9034.3661499023438,112249.56362902209,10522,1.6632080078125,0.0152587890625,0,15
"ViShap.Viper.Serialization.Benchmarks.Suites.ProfileStreamBenchmarks","'WL-05 deserialize ← Stream'","Profile=Default; Data=DATA-02 MediumObject","Publication",Supported,11024.612862723214,131.40629254772065,491.67732517975651,10914.73388671875,11781.757202148438,90706.132945605117,15662,2.44140625,0,0,14
"ViShap.Viper.Serialization.Benchmarks.Suites.ProfileStreamBenchmarks","'WL-02 serialize → Stream'","Profile=Default; Data=DATA-03 RecordBatchSmall","Publication",Supported,139848.3349609375,1834.9156174639663,7106.5976281338408,143442.8955078125,146646.09130859375,7150.6035469018661,180069,28.564453125,3.173828125,0,15
"ViShap.Viper.Serialization.Benchmarks.Suites.ProfileStreamBenchmarks","'WL-05 deserialize ← Stream'","Profile=Default; Data=DATA-03 RecordBatchSmall","Publication",Supported,130545.74055989583,393.82135292472714,1525.2635412583418,131021.6552734375,132004.84130859375,7660.1503481547061,168770,26.85546875,4.150390625,0,15
"ViShap.Viper.Serialization.Benchmarks.Suites.ProfileStreamBenchmarks","'WL-02 serialize → Stream'","Profile=Default; Data=DATA-04 RecordBatchLarge","Publication",Supported,11561508.125,98910.274673295702,383077.8465784755,11492762.5,12226480.78125,86.493906261039797,13283351,1921.875,734.375,734.375,15
"ViShap.Viper.Serialization.Benchmarks.Suites.ProfileStreamBenchmarks","'WL-05 deserialize ← Stream'","Profile=Default; Data=DATA-04 RecordBatchLarge","Publication",Supported,19410039.423076924,54911.921269413855,197987.74777111327,19476646.875,19613410.625,51.519730496326716,13789528,2218.75,1000,375,13
"ViShap.Viper.Serialization.Benchmarks.Suites.ProfileStreamBenchmarks","'WL-02 serialize → Stream'","Profile=Default; Data=DATA-05 DictionaryHeavy","Publication",Supported,4377332.083333333,11088.611985706179,42946.009553195989,4385186.71875,4430606.328125,228.44965402727709,5066594,984.375,585.9375,578.125,15
"ViShap.Viper.Serialization.Benchmarks.Suites.ProfileStreamBenchmarks","'WL-05 deserialize ← Stream'","Profile=Default; Data=DATA-05 DictionaryHeavy","Publication",Supported,10986646.145833334,89436.286462431803,346385.24801563425,10944879.6875,11675738.90625,91.019587481594485,7739029,1359.375,687.5,328.125,15
"ViShap.Viper.Serialization.Benchmarks.Suites.ProfileStreamBenchmarks","'WL-02 serialize → Stream'","Profile=Default; Data=DATA-07/unicode UnicodeHeavy","Publication",Supported,382546.27278645831,1017.0074196522047,3938.8527992823665,382803.857421875,387426.572265625,2614.062849746314,541471,76.66015625,76.66015625,76.66015625,15
"ViShap.Viper.Serialization.Benchmarks.Suites.ProfileStreamBenchmarks","'WL-05 deserialize ← Stream'","Profile=Default; Data=DATA-07/unicode UnicodeHeavy","Publication",Supported,442541.94661458331,1108.744305466518,4294.1482302741333,442307.6171875,449273.291015625,2259.6728008495784,646429,106.93359375,35.64453125,35.64453125,15
"ViShap.Viper.Serialization.Benchmarks.Suites.ProfileStreamBenchmarks","'WL-02 serialize → Stream'","Profile=PreserveReferences; Data=DATA-01 TinyFlat","Publication",Supported,999.53433445521762,4.3913282581634823,16.43084581490654,998.67544174194336,1025.5350494384766,1000465.882490206,1856,0.2956390380859375,0,0,14
"ViShap.Viper.Serialization.Benchmarks.Suites.ProfileStreamBenchmarks","'WL-05 deserialize ← Stream'","Profile=PreserveReferences; Data=DATA-01 TinyFlat","Publication",Supported,1200.7232959453877,5.7521819904102749,20.739787112224754,1204.8700332641602,1227.0686721801758,832831.34705290408,1728,0.274658203125,0,0,13
"ViShap.Viper.Serialization.Benchmarks.Suites.ProfileStreamBenchmarks","'WL-02 serialize → Stream'","Profile=PreserveReferences; Data=DATA-02 MediumObject","Publication",Supported,9408.4201267787394,67.906078417330022,254.08127991705337,9338.1263732910156,9833.4907531738281,106287.77058474967,11498,1.8310546875,0.0152587890625,0,14
"ViShap.Viper.Serialization.Benchmarks.Suites.ProfileStreamBenchmarks","'WL-05 deserialize ← Stream'","Profile=PreserveReferences; Data=DATA-02 MediumObject","Publication",Supported,11997.572631835938,42.14438295658821,163.22449332705384,11998.738098144531,12203.598480224609,83350.19346717422,16806,2.6702880859375,0.0457763671875,0,15
"ViShap.Viper.Serialization.Benchmarks.Suites.ProfileStreamBenchmarks","'WL-02 serialize → Stream'","Profile=PreserveReferences; Data=DATA-03 RecordBatchSmall","Publication",Supported,136825.95052083334,578.09856188139486,2238.9661026331,136521.7529296875,139929.54833984375,7308.555111025802,203557,32.2265625,4.39453125,0,15
"ViShap.Viper.Serialization.Benchmarks.Suites.ProfileStreamBenchmarks","'WL-05 deserialize ← Stream'","Profile=PreserveReferences; Data=DATA-03 RecordBatchSmall","Publication",Supported,142692.03776041666,519.6992266786998,2012.7864499634775,142993.9453125,145239.99267578125,7008.0995106329892,192431,30.517578125,6.103515625,0,15
"ViShap.Viper.Serialization.Benchmarks.Suites.ProfileStreamBenchmarks","'WL-02 serialize → Stream'","Profile=PreserveReferences; Data=DATA-04 RecordBatchLarge","Publication",Supported,13442403.75,127967.9858929561,495617.87821112468,13296628.125,14157975.46875,74.391456959474226,15342759,1781.25,750,562.5,15
"ViShap.Viper.Serialization.Benchmarks.Suites.ProfileStreamBenchmarks","'WL-05 deserialize ← Stream'","Profile=PreserveReferences; Data=DATA-04 RecordBatchLarge","Publication",Supported,25428158.958333332,268144.74538809684,1038520.133261127,25764956.25,26676270.9375,39.32648060123438,15849759,2500,1093.75,625,15
"ViShap.Viper.Serialization.Benchmarks.Suites.ProfileStreamBenchmarks","'WL-02 serialize → Stream'","Profile=PreserveReferences; Data=DATA-05 DictionaryHeavy","Publication",Supported,5117271.588541667,39831.699701881575,154267.50959652229,5202437.890625,5245231.875,195.41663613069684,6068086,1210.9375,828.125,773.4375,15
"ViShap.Viper.Serialization.Benchmarks.Suites.ProfileStreamBenchmarks","'WL-05 deserialize ← Stream'","Profile=PreserveReferences; Data=DATA-05 DictionaryHeavy","Publication",Supported,15285606.770833334,80882.37777431932,313256.10212159564,15189829.6875,15748525.78125,65.421020898438456,8741590,1562.5,859.375,500,15
"ViShap.Viper.Serialization.Benchmarks.Suites.ProfileStreamBenchmarks","'WL-02 serialize → Stream'","Profile=PreserveReferences; Data=DATA-07/unicode UnicodeHeavy","Publication",Supported,398619.52473958331,2517.3926112940358,9749.8196594074016,397641.162109375,412297.919921875,2508.6578502477928,541607,76.66015625,76.66015625,76.66015625,15
"ViShap.Viper.Serialization.Benchmarks.Suites.ProfileStreamBenchmarks","'WL-05 deserialize ← Stream'","Profile=PreserveReferences; Data=DATA-07/unicode UnicodeHeavy","Publication",Supported,444121.65876116074,992.50845966722329,3713.6266095494925,445082.0068359375,448677.1728515625,2251.6352901802047,646733,106.93359375,35.64453125,35.64453125,14
"ViShap.Viper.Serialization.Benchmarks.Suites.ProfileStreamBenchmarks","'WL-02 serialize → Stream'","Profile=TightLimits; Data=DATA-01 TinyFlat","Publication",Supported,951.13902409871423,2.5766934410135134,9.9794907853272203,949.39308166503906,969.74867820739746,1051371.0137669786,1720,0.27370452880859375,0,0,15
"ViShap.Viper.Serialization.Benchmarks.Suites.ProfileStreamBenchmarks","'WL-05 deserialize ← Stream'","Profile=TightLimits; Data=DATA-01 TinyFlat","Publication",Supported,1068.4902445475261,3.9716245410045308,15.382035704699224,1068.3320999145508,1097.2787666320801,935899.98140176781,1424,0.2269744873046875,0,0,15
"ViShap.Viper.Serialization.Benchmarks.Suites.ProfileStreamBenchmarks","'WL-02 serialize → Stream'","Profile=TightLimits; Data=DATA-02 MediumObject","Publication",Supported,8657.6276652018223,27.681628134698176,107.21048476159272,8646.47216796875,8838.8082885742188,115505.08276295669,10522,1.6632080078125,0.0152587890625,0,15
"ViShap.Viper.Serialization.Benchmarks.Suites.ProfileStreamBenchmarks","'WL-05 deserialize ← Stream'","Profile=TightLimits; Data=DATA-02 MediumObject","Publication",Supported,11235.960286458334,22.283621575075358,86.304095253455159,11248.115539550781,11323.909759521484,88999.958570982824,15661,2.4871826171875,0.030517578125,0,15
"ViShap.Viper.Serialization.Benchmarks.Suites.ProfileStreamBenchmarks","'WL-02 serialize → Stream'","Profile=TightLimits; Data=DATA-03 RecordBatchSmall","Publication",Supported,124851.904296875,490.61109105001646,1835.6986128605167,124809.27734375,128176.73095703125,8009.489367676626,180069,28.564453125,3.173828125,0,14
"ViShap.Viper.Serialization.Benchmarks.Suites.ProfileStreamBenchmarks","'WL-05 deserialize ← Stream'","Profile=TightLimits; Data=DATA-03 RecordBatchSmall","Publication",Supported,134689.30140904017,239.19773783901928,894.99598268498323,134784.9365234375,135997.14111328125,7424.4946669007022,168770,26.85546875,4.150390625,0,14
"ViShap.Viper.Serialization.Benchmarks.Suites.ProfileStreamBenchmarks","'WL-02 serialize → Stream'","Profile=TightLimits; Data=DATA-04 RecordBatchLarge","Publication",Supported,11258333.125,72333.750242435548,280147.41005767958,11293196.875,11620110.9375,88.823095648095773,13283156,1875,687.5,687.5,15
"ViShap.Viper.Serialization.Benchmarks.Suites.ProfileStreamBenchmarks","'WL-05 deserialize ← Stream'","Profile=TightLimits; Data=DATA-04 RecordBatchLarge","Publication",Supported,19327734.583333332,84982.969926325604,329137.6272359048,19489928.125,19590382.1875,51.739121089872519,13789671,2218.75,1000,375,15
"ViShap.Viper.Serialization.Benchmarks.Suites.ProfileStreamBenchmarks","'WL-02 serialize → Stream'","Profile=TightLimits; Data=DATA-05 DictionaryHeavy","Publication",Supported,4306005.6919642854,26325.459362239406,98500.849482940277,4339081.640625,4371258.828125,232.233784982255,5066461,992.1875,593.75,585.9375,14
"ViShap.Viper.Serialization.Benchmarks.Suites.ProfileStreamBenchmarks","'WL-05 deserialize ← Stream'","Profile=TightLimits; Data=DATA-05 DictionaryHeavy","Publication",Supported,10908148.883928571,47379.740423019488,177278.75573722276,10951665.625,11135849.53125,91.674582978358643,7739362,1359.375,687.5,328.125,14
"ViShap.Viper.Serialization.Benchmarks.Suites.ProfileStreamBenchmarks","'WL-02 serialize → Stream'","Profile=TightLimits; Data=DATA-07/unicode UnicodeHeavy","Publication",Supported,387055.869140625,868.4686130728744,3363.5644751350956,387576.7578125,392710.126953125,2583.6063465987136,541471,76.66015625,76.66015625,76.66015625,15
"ViShap.Viper.Serialization.Benchmarks.Suites.ProfileStreamBenchmarks","'WL-05 deserialize ← Stream'","Profile=TightLimits; Data=DATA-07/unicode UnicodeHeavy","Publication",Supported,438486.27580915176,485.41276298721652,1816.248250265467,438075.87890625,441065.61279296875,2280.573087845612,646429,106.93359375,35.64453125,35.64453125,14
"ViShap.Viper.Serialization.Benchmarks.Suites.ProfileStreamBenchmarks","'WL-02 serialize → Stream'","Profile=Deflate; Data=DATA-01 TinyFlat","Publication",Supported,8159.5213826497393,18.753684318200943,72.632707044423455,8145.2957153320312,8277.0411682128906,122556.20803033645,2376,0.3662109375,0,0,15
"ViShap.Viper.Serialization.Benchmarks.Suites.ProfileStreamBenchmarks","'WL-05 deserialize ← Stream'","Profile=Deflate; Data=DATA-01 TinyFlat","Publication",Supported,2526.0684204101562,6.4017235592742079,24.793768732092676,2523.6770629882812,2560.6174468994141,395872.09591006668,2000,0.316619873046875,0,0,15
"ViShap.Viper.Serialization.Benchmarks.Suites.ProfileStreamBenchmarks","'WL-02 serialize → Stream'","Profile=Deflate; Data=DATA-02 MediumObject","Publication",Supported,34390.158284505211,46.415369471509685,179.76595297122117,34448.98681640625,34613.372802734375,29078.08657718679,12690,2.01416015625,0,0,15
"ViShap.Viper.Serialization.Benchmarks.Suites.ProfileStreamBenchmarks","'WL-05 deserialize ← Stream'","Profile=Deflate; Data=DATA-02 MediumObject","Publication",Supported,18528.034319196428,89.295373615519807,334.11269429324858,18484.259033203125,19031.735992431641,53972.266176338271,17918,2.838134765625,0.030517578125,0,14
"ViShap.Viper.Serialization.Benchmarks.Suites.ProfileStreamBenchmarks","'WL-02 serialize → Stream'","Profile=Deflate; Data=DATA-03 RecordBatchSmall","Publication",Supported,528709.98046875,1096.4315087379812,4246.4609735992735,528088.671875,534917.3046875,1891.3961092873792,255831,40.0390625,3.90625,0,15
"ViShap.Viper.Serialization.Benchmarks.Suites.ProfileStreamBenchmarks","'WL-05 deserialize ← Stream'","Profile=Deflate; Data=DATA-03 RecordBatchSmall","Publication",Supported,191541.29231770834,1269.4046560333777,4916.3830924154263,191343.0419921875,198337.9150390625,5220.806374958076,205290,32.470703125,4.638671875,0,15
"ViShap.Viper.Serialization.Benchmarks.Suites.ProfileStreamBenchmarks","'WL-02 serialize → Stream'","Profile=Deflate; Data=DATA-04 RecordBatchLarge","Publication",Supported,51860655.555555552,160837.89866923538,557158.82455546071,52014422.222222224,52468145.555555552,19.282440402797327,18909221,2000,888.8888888888888,888.8888888888888,12
"ViShap.Viper.Serialization.Benchmarks.Suites.ProfileStreamBenchmarks","'WL-05 deserialize ← Stream'","Profile=Deflate; Data=DATA-04 RecordBatchLarge","Publication",Supported,21760539.166666668,114099.45609926918,441905.29328379384,21665475,22486986.875,45.954743691821051,16667951,2375,1031.25,531.25,15
"ViShap.Viper.Serialization.Benchmarks.Suites.ProfileStreamBenchmarks","'WL-02 serialize → Stream'","Profile=Deflate; Data=DATA-05 DictionaryHeavy","Publication",Supported,14220070.833333334,15325.698634523082,59356.175580501644,14217978.125,14318279.21875,70.323137748083184,6489101,1406.25,984.375,984.375,15
"ViShap.Viper.Serialization.Benchmarks.Suites.ProfileStreamBenchmarks","'WL-05 deserialize ← Stream'","Profile=Deflate; Data=DATA-05 DictionaryHeavy","Publication",Supported,10081392.916666666,29198.600280564544,113085.69261919369,10099318.75,10203297.34375,99.192642154318705,8501761,1515.625,843.75,484.375,15
"ViShap.Viper.Serialization.Benchmarks.Suites.ProfileStreamBenchmarks","'WL-02 serialize → Stream'","Profile=Deflate; Data=DATA-07/unicode UnicodeHeavy","Publication",Supported,1568160.2083333333,10776.772027978843,41738.258590235993,1570694.921875,1624310.72265625,637.68994691098339,576536,76.171875,76.171875,76.171875,15
"ViShap.Viper.Serialization.Benchmarks.Suites.ProfileStreamBenchmarks","'WL-05 deserialize ← Stream'","Profile=Deflate; Data=DATA-07/unicode UnicodeHeavy","Publication",Supported,514559.31640625,995.03166689644343,3853.7410748389316,514687.5,519008.90625,1943.4105420228937,667097,106.4453125,35.15625,35.15625,15
"ViShap.Viper.Serialization.Benchmarks.Suites.ProfileStreamBenchmarks","'WL-02 serialize → Stream'","Profile=Brotli; Data=DATA-01 TinyFlat","Publication",Supported,13379.69492594401,37.559791292047549,145.46844616112651,13368.974304199219,13568.105316162109,74740.119676491391,1840,0.2899169921875,0,0,15
"ViShap.Viper.Serialization.Benchmarks.Suites.ProfileStreamBenchmarks","'WL-05 deserialize ← Stream'","Profile=Brotli; Data=DATA-01 TinyFlat","Publication",Supported,1841.7906443277996,5.102280527378773,19.761047510216386,1841.4583206176758,1871.2229347229004,542949.87493813178,1616,0.2574920654296875,0,0,15
"ViShap.Viper.Serialization.Benchmarks.Suites.ProfileStreamBenchmarks","'WL-02 serialize → Stream'","Profile=Brotli; Data=DATA-02 MediumObject","Publication",Supported,39942.854963030135,60.46161894053904,226.22666312517913,39853.60107421875,40293.549499511719,25035.766745405879,11450,1.77001953125,0,0,14
"ViShap.Viper.Serialization.Benchmarks.Suites.ProfileStreamBenchmarks","'WL-05 deserialize ← Stream'","Profile=Brotli; Data=DATA-02 MediumObject","Publication",Supported,19332.397242954798,75.392709521348408,282.0936884894553,19293.650817871094,19760.327911376953,51726.642455809495,16662,2.655029296875,0.030517578125,0,14
"ViShap.Viper.Serialization.Benchmarks.Suites.ProfileStreamBenchmarks","'WL-02 serialize → Stream'","Profile=Brotli; Data=DATA-03 RecordBatchSmall","Publication",Supported,529719.91536458337,1647.9963909547762,6382.6625767777759,530173.046875,539054.208984375,1887.790077350109,198469,31.25,2.9296875,0,15
"ViShap.Viper.Serialization.Benchmarks.Suites.ProfileStreamBenchmarks","'WL-05 deserialize ← Stream'","Profile=Brotli; Data=DATA-03 RecordBatchSmall","Publication",Supported,227779.11295572916,941.07435112715348,3644.7652894584166,228291.1376953125,232880.23193359375,4390.2181680475624,187253,29.78515625,4.8828125,0,15
"ViShap.Viper.Serialization.Benchmarks.Suites.ProfileStreamBenchmarks","'WL-02 serialize → Stream'","Profile=Brotli; Data=DATA-04 RecordBatchLarge","Publication",Supported,41952222.916666672,70202.875174678426,243189.89327991768,41898404.166666672,42312329.583333336,23.836639168951464,14734210,1750,583.33333333333337,583.33333333333337,12
"ViShap.Viper.Serialization.Benchmarks.Suites.ProfileStreamBenchmarks","'WL-05 deserialize ← Stream'","Profile=Brotli; Data=DATA-04 RecordBatchLarge","Publication",Supported,27227532.366071429,90681.652092754535,339299.67339771963,27193871.875,27660917.03125,36.727529566583584,15240461,2406.25,1062.5,562.5,14
"ViShap.Viper.Serialization.Benchmarks.Suites.ProfileStreamBenchmarks","'WL-02 serialize → Stream'","Profile=Brotli; Data=DATA-05 DictionaryHeavy","Publication",Supported,12407866.458333334,52255.399837223777,202384.29331897746,12446454.6875,12689009.53125,80.594033096510557,5439845,1062.5,656.25,656.25,15
"ViShap.Viper.Serialization.Benchmarks.Suites.ProfileStreamBenchmarks","'WL-05 deserialize ← Stream'","Profile=Brotli; Data=DATA-05 DictionaryHeavy","Publication",Supported,14926649.0625,48070.504051261763,186176.26163433297,14946568.75,15225682.1875,66.994272848035621,8112597,1484.375,828.125,453.125,15
"ViShap.Viper.Serialization.Benchmarks.Suites.ProfileStreamBenchmarks","'WL-02 serialize → Stream'","Profile=Brotli; Data=DATA-07/unicode UnicodeHeavy","Publication",Supported,1102776.4453125,3783.0028516574916,14651.507043124633,1105492.1875,1126069.35546875,906.80210322829691,553872,76.171875,76.171875,76.171875,15
"ViShap.Viper.Serialization.Benchmarks.Suites.ProfileStreamBenchmarks","'WL-05 deserialize ← Stream'","Profile=Brotli; Data=DATA-07/unicode UnicodeHeavy","Publication",Supported,560824.93024553568,1262.369475837944,4723.3540741069919,562809.765625,565131.064453125,1783.0876376379852,658913,105.46875,35.15625,35.15625,14
"ViShap.Viper.Serialization.Benchmarks.Suites.ProfileStreamBenchmarks","'WL-02 serialize → Stream'","Profile=Crc32; Data=DATA-01 TinyFlat","Publication",Supported,983.88777414957679,4.3204203817254117,16.73291618703761,987.02392578125,1004.4995307922363,1016376.0809654839,1736,0.2765655517578125,0,0,15
"ViShap.Viper.Serialization.Benchmarks.Suites.ProfileStreamBenchmarks","'WL-05 deserialize ← Stream'","Profile=Crc32; Data=DATA-01 TinyFlat","Publication",Supported,1130.2048873901367,2.5376914931940462,9.8284368909527728,1131.3875198364258,1140.8599662780762,884795.32442050823,1464,0.232696533203125,0,0,15
"ViShap.Viper.Serialization.Benchmarks.Suites.ProfileStreamBenchmarks","'WL-02 serialize → Stream'","Profile=Crc32; Data=DATA-02 MediumObject","Publication",Supported,8883.7498256138388,26.684133385382822,99.842884791078774,8911.712646484375,9017.5936126708984,112565.07889458754,10538,1.678466796875,0.0152587890625,0,14
"ViShap.Viper.Serialization.Benchmarks.Suites.ProfileStreamBenchmarks","'WL-05 deserialize ← Stream'","Profile=Crc32; Data=DATA-02 MediumObject","Publication",Supported,11118.173980712891,36.155761304066054,135.28247135779418,11109.490966796875,11350.027389526367,89942.827098652808,15701,2.50244140625,0.0457763671875,0,14
"ViShap.Viper.Serialization.Benchmarks.Suites.ProfileStreamBenchmarks","'WL-02 serialize → Stream'","Profile=Crc32; Data=DATA-03 RecordBatchSmall","Publication",Supported,135090.73893229166,1039.459749847168,4025.8103002110092,135541.30859375,140039.93896484375,7402.4319350359492,180085,28.564453125,3.173828125,0,15
"ViShap.Viper.Serialization.Benchmarks.Suites.ProfileStreamBenchmarks","'WL-05 deserialize ← Stream'","Profile=Crc32; Data=DATA-03 RecordBatchSmall","Publication",Supported,132784.83537946429,507.29008332045242,1898.1056874931389,133010.693359375,135352.84423828125,7530.9804552776068,168810,26.85546875,4.39453125,0,14
"ViShap.Viper.Serialization.Benchmarks.Suites.ProfileStreamBenchmarks","'WL-02 serialize → Stream'","Profile=Crc32; Data=DATA-04 RecordBatchLarge","Publication",Supported,11501069.977678571,67816.246703403478,253745.16042107358,11459493.75,11909526.71875,86.948431923361326,13284594,1875,687.5,687.5,14
"ViShap.Viper.Serialization.Benchmarks.Suites.ProfileStreamBenchmarks","'WL-05 deserialize ← Stream'","Profile=Crc32; Data=DATA-04 RecordBatchLarge","Publication",Supported,19628523.333333332,87315.279796408475,338170.62452093099,19541440.625,20095293.4375,50.946267481150308,13789536,2218.75,1000,375,15
"ViShap.Viper.Serialization.Benchmarks.Suites.ProfileStreamBenchmarks","'WL-02 serialize → Stream'","Profile=Crc32; Data=DATA-05 DictionaryHeavy","Publication",Supported,4458119.6875,17647.99157289349,68350.377455825321,4470595.3125,4522854.375,224.30981447265148,5066647,992.1875,593.75,585.9375,15
"ViShap.Viper.Serialization.Benchmarks.Suites.ProfileStreamBenchmarks","'WL-05 deserialize ← Stream'","Profile=Crc32; Data=DATA-05 DictionaryHeavy","Publication",Supported,11526151.458333334,90610.41390988577,350932.62406594848,11552107.8125,11960930.625,86.759227797324002,7739272,1359.375,687.5,328.125,15
"ViShap.Viper.Serialization.Benchmarks.Suites.ProfileStreamBenchmarks","'WL-02 serialize → Stream'","Profile=Crc32; Data=DATA-07/unicode UnicodeHeavy","Publication",Supported,403819.775390625,861.42613912226875,3223.1614766069938,402878.1494140625,408526.81884765625,2476.3522267642165,541487,76.66015625,76.66015625,76.66015625,14
"ViShap.Viper.Serialization.Benchmarks.Suites.ProfileStreamBenchmarks","'WL-05 deserialize ← Stream'","Profile=Crc32; Data=DATA-07/unicode UnicodeHeavy","Publication",Supported,456728.96554129466,646.44723977596436,2418.7840898673621,456709.7900390625,459790.7861328125,2189.4823307622823,646469,106.93359375,35.64453125,35.64453125,14
"ViShap.Viper.Serialization.Benchmarks.Suites.ProfileStreamBenchmarks","'WL-02 serialize → Stream'","Profile=Aes256Gcm; Data=DATA-01 TinyFlat","Publication",Supported,2166.5975952148438,8.2289604505990965,31.870626781769786,2157.1754455566406,2218.1335067749023,461553.17545288708,2032,0.3204345703125,0,0,15
"ViShap.Viper.Serialization.Benchmarks.Suites.ProfileStreamBenchmarks","'WL-05 deserialize ← Stream'","Profile=Aes256Gcm; Data=DATA-01 TinyFlat","Publication",Supported,2353.7904592660757,4.5773910019647843,16.504017965431515,2357.0812225341797,2370.8048248291016,424846.65364469413,1912,0.301361083984375,0,0,13
"ViShap.Viper.Serialization.Benchmarks.Suites.ProfileStreamBenchmarks","'WL-02 serialize → Stream'","Profile=Aes256Gcm; Data=DATA-02 MediumObject","Publication",Supported,10226.693725585938,31.305683574979685,117.13514219633039,10226.329040527344,10414.04411315918,97783.313633234386,11779,1.8768310546875,0.0152587890625,0,14
"ViShap.Viper.Serialization.Benchmarks.Suites.ProfileStreamBenchmarks","'WL-05 deserialize ← Stream'","Profile=Aes256Gcm; Data=DATA-02 MediumObject","Publication",Supported,12883.115386962891,33.314981843178515,124.65324790376863,12880.313873291016,13076.369323730469,77620.976756286225,17095,2.716064453125,0.0457763671875,0,14
"ViShap.Viper.Serialization.Benchmarks.Suites.ProfileStreamBenchmarks","'WL-02 serialize → Stream'","Profile=Aes256Gcm; Data=DATA-03 RecordBatchSmall","Publication",Supported,132266.77420479912,290.65794686977773,1087.5424539298517,132344.140625,133747.41821289062,7560.4777239945442,202029,31.982421875,3.173828125,0,14
"ViShap.Viper.Serialization.Benchmarks.Suites.ProfileStreamBenchmarks","'WL-05 deserialize ← Stream'","Profile=Aes256Gcm; Data=DATA-03 RecordBatchSmall","Publication",Supported,139961.86360677084,688.6394461278353,2667.089106394606,139517.626953125,144009.79736328125,7144.8034073734898,190910,30.2734375,4.150390625,0,15
"ViShap.Viper.Serialization.Benchmarks.Suites.ProfileStreamBenchmarks","'WL-02 serialize → Stream'","Profile=Aes256Gcm; Data=DATA-04 RecordBatchLarge","Publication",Supported,12355750.208333334,103297.96121893736,400071.28349812399,12303110.9375,12894288.28125,80.933976742711266,15024321,1796.875,609.375,609.375,15
"ViShap.Viper.Serialization.Benchmarks.Suites.ProfileStreamBenchmarks","'WL-05 deserialize ← Stream'","Profile=Aes256Gcm; Data=DATA-04 RecordBatchLarge","Publication",Supported,19241865.833333332,130564.0293734321,505672.31137703854,19226903.125,19953195.625,51.970012090390235,15529734,2218.75,906.25,375,15
"ViShap.Viper.Serialization.Benchmarks.Suites.ProfileStreamBenchmarks","'WL-02 serialize → Stream'","Profile=Aes256Gcm; Data=DATA-05 DictionaryHeavy","Publication",Supported,4875984.9330357146,23492.273102306848,87900.0371853572,4861119.140625,5025429.2578125,205.08676990054093,5608970,1046.875,648.4375,640.625,14
"ViShap.Viper.Serialization.Benchmarks.Suites.ProfileStreamBenchmarks","'WL-05 deserialize ← Stream'","Profile=Aes256Gcm; Data=DATA-05 DictionaryHeavy","Publication",Supported,15092537.5,49255.987542899435,190767.61945464951,15099468.75,15338613.125,66.25791057335455,8280186,1500,828.125,468.75,15
"ViShap.Viper.Serialization.Benchmarks.Suites.ProfileStreamBenchmarks","'WL-02 serialize → Stream'","Profile=Aes256Gcm; Data=DATA-07/unicode UnicodeHeavy","Publication",Supported,464294.63641826925,2145.1802517376864,7734.5573927529767,465418.45703125,475208.505859375,2153.8047643934651,655502,110.83984375,110.83984375,110.83984375,13
"ViShap.Viper.Serialization.Benchmarks.Suites.ProfileStreamBenchmarks","'WL-05 deserialize ← Stream'","Profile=Aes256Gcm; Data=DATA-07/unicode UnicodeHeavy","Publication",Supported,505344.41266741074,1731.4248924760084,6478.3987385771343,503628.3203125,513412.041015625,1978.8484347172227,760664,142.578125,71.2890625,71.2890625,14
"ViShap.Viper.Serialization.Benchmarks.Suites.ProfileStreamBenchmarks","'WL-02 serialize → Stream'","Profile=ProtectedBrotli; Data=DATA-01 TinyFlat","Publication",Supported,14827.985600062779,61.154198899200239,228.81806004343539,14785.970306396484,15180.623779296875,67440.0439123549,2168,0.335693359375,0,0,14
"ViShap.Viper.Serialization.Benchmarks.Suites.ProfileStreamBenchmarks","'WL-05 deserialize ← Stream'","Profile=ProtectedBrotli; Data=DATA-01 TinyFlat","Publication",Supported,3184.9116189139231,6.0611110236826713,22.678600833819232,3189.6570205688477,3210.6643295288086,313980.45523819182,2145,0.339508056640625,0,0,14
"ViShap.Viper.Serialization.Benchmarks.Suites.ProfileStreamBenchmarks","'WL-02 serialize → Stream'","Profile=ProtectedBrotli; Data=DATA-02 MediumObject","Publication",Supported,42775.169489933891,107.949578471129,389.21774034237916,42835.80322265625,43332.869873046875,23378.048805518491,12587,1.953125,0,0,13
"ViShap.Viper.Serialization.Benchmarks.Suites.ProfileStreamBenchmarks","'WL-05 deserialize ← Stream'","Profile=ProtectedBrotli; Data=DATA-02 MediumObject","Publication",Supported,21028.53251139323,33.232183158726059,128.70769193186061,21034.36279296875,21211.981201171875,47554.435834179174,18000,2.86865234375,0.030517578125,0,15
"ViShap.Viper.Serialization.Benchmarks.Suites.ProfileStreamBenchmarks","'WL-02 serialize → Stream'","Profile=ProtectedBrotli; Data=DATA-03 RecordBatchSmall","Publication",Supported,520349.05133928574,1165.3492869055538,4360.3377675219099,521438.232421875,525028.9990234375,1921.7869186581165,217086,34.1796875,0,0,14
"ViShap.Viper.Serialization.Benchmarks.Suites.ProfileStreamBenchmarks","'WL-05 deserialize ← Stream'","Profile=ProtectedBrotli; Data=DATA-03 RecordBatchSmall","Publication",Supported,228965.87727864584,747.51494021622204,2895.1129144986608,228818.7744140625,233110.390625,4367.4630118924861,206073,32.71484375,4.8828125,0,15
"ViShap.Viper.Serialization.Benchmarks.Suites.ProfileStreamBenchmarks","'WL-02 serialize → Stream'","Profile=ProtectedBrotli; Data=DATA-04 RecordBatchLarge","Publication",Supported,41143323.668639056,101056.09024401731,364362.91507272061,41241200,41561724.615384616,24.305279953895326,16186312,1923.0769230769231,769.23076923076928,769.23076923076928,13
"ViShap.Viper.Serialization.Benchmarks.Suites.ProfileStreamBenchmarks","'WL-05 deserialize ← Stream'","Profile=ProtectedBrotli; Data=DATA-04 RecordBatchLarge","Publication",Supported,25932075.416666668,87844.016519446843,340218.41304378683,25934053.125,26415193.75,38.562281804768133,16691802,2437.5,1156.25,593.75,15
"ViShap.Viper.Serialization.Benchmarks.Suites.ProfileStreamBenchmarks","'WL-02 serialize → Stream'","Profile=ProtectedBrotli; Data=DATA-05 DictionaryHeavy","Publication",Supported,12390459.479166666,34647.351304130061,134188.61459109356,12403968.75,12559143.90625,80.707257199089455,5812254,1171.875,765.625,765.625,15
"ViShap.Viper.Serialization.Benchmarks.Suites.ProfileStreamBenchmarks","'WL-05 deserialize ← Stream'","Profile=ProtectedBrotli; Data=DATA-05 DictionaryHeavy","Publication",Supported,15206953.90625,85229.368551999039,318899.09641266585,15107821.875,15755328.28125,65.759389169253936,8485471,1531.25,828.125,500,14
"ViShap.Viper.Serialization.Benchmarks.Suites.ProfileStreamBenchmarks","'WL-02 serialize → Stream'","Profile=ProtectedBrotli; Data=DATA-07/unicode UnicodeHeavy","Publication",Supported,1092657.0182291667,3989.7843972312021,15452.368525434644,1091504.1015625,1120355.13671875,915.20027173821393,566466,76.171875,76.171875,76.171875,15
"ViShap.Viper.Serialization.Benchmarks.Suites.ProfileStreamBenchmarks","'WL-05 deserialize ← Stream'","Profile=ProtectedBrotli; Data=DATA-07/unicode UnicodeHeavy","Publication",Supported,574414.10807291663,1669.4420976351532,6465.7214415985254,573572.16796875,583528.33984375,1740.9043161472266,671713,106.4453125,35.15625,35.15625,15
"ViShap.Viper.Serialization.Benchmarks.Suites.ProfileStreamBenchmarks","'WL-02 serialize → Stream'","Profile=ProtectedDeflate; Data=DATA-01 TinyFlat","Publication",Supported,9211.9099543644825,19.161716623151445,69.088551810683214,9234.539794921875,9293.4927368164062,108555.1210285347,2696,0.42724609375,0,0,13
"ViShap.Viper.Serialization.Benchmarks.Suites.ProfileStreamBenchmarks","'WL-05 deserialize ← Stream'","Profile=ProtectedDeflate; Data=DATA-01 TinyFlat","Publication",Supported,4029.4653828938804,10.724221620032505,41.534731735423421,4028.9466857910156,4102.0044708251953,248171.88013210334,2521,0.396728515625,0,0,15
"ViShap.Viper.Serialization.Benchmarks.Suites.ProfileStreamBenchmarks","'WL-02 serialize → Stream'","Profile=ProtectedDeflate; Data=DATA-02 MediumObject","Publication",Supported,36274.595947265625,64.532981558705629,249.93516285797728,36292.54150390625,36551.55029296875,27567.502101298523,13843,2.197265625,0,0,15
"ViShap.Viper.Serialization.Benchmarks.Suites.ProfileStreamBenchmarks","'WL-05 deserialize ← Stream'","Profile=ProtectedDeflate; Data=DATA-02 MediumObject","Publication",Supported,19898.174641927082,99.038393522773021,383.57404874883645,19946.96044921875,20346.888427734375,50255.866077932507,19272,3.0517578125,0,0,15
"ViShap.Viper.Serialization.Benchmarks.Suites.ProfileStreamBenchmarks","'WL-02 serialize → Stream'","Profile=ProtectedDeflate; Data=DATA-03 RecordBatchSmall","Publication",Supported,541699.86328125,1831.8981577824438,7094.9110570394523,542287.890625,550898.916015625,1846.0407095964156,274121,42.96875,3.90625,0,15
"ViShap.Viper.Serialization.Benchmarks.Suites.ProfileStreamBenchmarks","'WL-05 deserialize ← Stream'","Profile=ProtectedDeflate; Data=DATA-03 RecordBatchSmall","Publication",Supported,189359.96965680804,225.05506673940417,842.07895289639396,189314.8193359375,190513.4521484375,5280.9471918081663,223781,35.64453125,5.126953125,0,14
"ViShap.Viper.Serialization.Benchmarks.Suites.ProfileStreamBenchmarks","'WL-02 serialize → Stream'","Profile=ProtectedDeflate; Data=DATA-04 RecordBatchLarge","Publication",Supported,51616104,224585.05045824696,869814.16023194289,51725810,52717272,19.373798533883921,20347935,2000,800,800,15
"ViShap.Viper.Serialization.Benchmarks.Suites.ProfileStreamBenchmarks","'WL-05 deserialize ← Stream'","Profile=ProtectedDeflate; Data=DATA-04 RecordBatchLarge","Publication",Supported,22870633.958333332,126017.02402164784,488061.83537446213,22774681.25,23684565,43.724192421681067,18107051,2250,968.75,406.25,15
"ViShap.Viper.Serialization.Benchmarks.Suites.ProfileStreamBenchmarks","'WL-02 serialize → Stream'","Profile=ProtectedDeflate; Data=DATA-05 DictionaryHeavy","Publication",Supported,13740257.1875,12221.268207349927,47332.768236600445,13742100,13810201.875,72.778841498668271,6877909,1390.625,968.75,968.75,15
"ViShap.Viper.Serialization.Benchmarks.Suites.ProfileStreamBenchmarks","'WL-05 deserialize ← Stream'","Profile=ProtectedDeflate; Data=DATA-05 DictionaryHeavy","Publication",Supported,10980562.395833334,26701.829739053101,103415.74189261859,10996837.5,11107722.96875,91.07001663042854,8887263,1515.625,843.75,484.375,15
"ViShap.Viper.Serialization.Benchmarks.Suites.ProfileStreamBenchmarks","'WL-02 serialize → Stream'","Profile=ProtectedDeflate; Data=DATA-07/unicode UnicodeHeavy","Publication",Supported,1499816.4322916667,5048.5011253016428,19552.760781602668,1497425.1953125,1531721.1328125,666.74826230036376,586906,76.171875,76.171875,76.171875,15
"ViShap.Viper.Serialization.Benchmarks.Suites.ProfileStreamBenchmarks","'WL-05 deserialize ← Stream'","Profile=ProtectedDeflate; Data=DATA-07/unicode UnicodeHeavy","Publication",Supported,497924.71354166669,1734.0366887094126,6715.8952170842103,496342.67578125,508293.759765625,2008.3357439463975,677673,106.4453125,35.15625,35.15625,15
"ViShap.Viper.Serialization.Benchmarks.Suites.ProfileStreamBenchmarks","'WL-02 serialize → Stream'","Profile=Headerless; Data=DATA-01 TinyFlat","Publication",Supported,615.44549942016602,1.8810304278106305,7.2851995206199849,614.39647674560547,628.26517105102539,1624839.2439982696,880,0.14019012451171875,0,0,15
"ViShap.Viper.Serialization.Benchmarks.Suites.ProfileStreamBenchmarks","'WL-05 deserialize ← Stream'","Profile=Headerless; Data=DATA-01 TinyFlat","Publication",Supported,752.87555058797204,2.0808362377375147,8.0590440949422923,751.88083648681641,765.25151252746582,1328240.7686357081,880,0.14019012451171875,0,0,15
"ViShap.Viper.Serialization.Benchmarks.Suites.ProfileStreamBenchmarks","'WL-02 serialize → Stream'","Profile=Headerless; Data=DATA-02 MediumObject","Publication",Supported,8630.2899169921875,17.387841284723205,67.342819722230757,8634.2880249023438,8711.0139465332031,115870.96257694645,5089,0.8087158203125,0,0,15
"ViShap.Viper.Serialization.Benchmarks.Suites.ProfileStreamBenchmarks","'WL-05 deserialize ← Stream'","Profile=Headerless; Data=DATA-02 MediumObject","Publication",Supported,13996.472778320312,43.719590495016369,169.32524589020647,14010.884094238281,14270.606689453125,71446.57199269085,14179,2.25830078125,0.030517578125,0,15
"ViShap.Viper.Serialization.Benchmarks.Suites.ProfileStreamBenchmarks","'WL-02 serialize → Stream'","Profile=Headerless; Data=DATA-03 RecordBatchSmall","Publication",Supported,128274.82735770089,471.41322130867366,1763.8667617324975,128594.7509765625,130669.091796875,7795.7618076651079,92395,14.6484375,0,0,14
"ViShap.Viper.Serialization.Benchmarks.Suites.ProfileStreamBenchmarks","'WL-05 deserialize ← Stream'","Profile=Headerless; Data=DATA-03 RecordBatchSmall","Publication",Supported,175518.05943080358,385.37744195778572,1441.9503523973947,175330.94482421875,177934.79248046875,5697.4194179388196,146557,23.193359375,2.44140625,0,14
"ViShap.Viper.Serialization.Benchmarks.Suites.ProfileStreamBenchmarks","'WL-02 serialize → Stream'","Profile=Headerless; Data=DATA-04 RecordBatchLarge","Publication",Supported,10387769.375,47314.042772278837,183246.49969878135,10360953.125,10691641.71875,96.267058297104327,7348200,1156.25,0,0,15
"ViShap.Viper.Serialization.Benchmarks.Suites.ProfileStreamBenchmarks","'WL-05 deserialize ← Stream'","Profile=Headerless; Data=DATA-04 RecordBatchLarge","Publication",Supported,22395817.083333332,164975.09406406147,638945.79184911214,22367187.5,23116071.25,44.651195188774189,12048624,2218.75,968.75,375,15
"ViShap.Viper.Serialization.Benchmarks.Suites.ProfileStreamBenchmarks","'WL-02 serialize → Stream'","Profile=Headerless; Data=DATA-05 DictionaryHeavy","Publication",Supported,4506277.890625,25267.189864194977,97859.405549488001,4493449.609375,4635434.6875,221.91263483338011,2428066,382.8125,0,0,15
"ViShap.Viper.Serialization.Benchmarks.Suites.ProfileStreamBenchmarks","'WL-05 deserialize ← Stream'","Profile=Headerless; Data=DATA-05 DictionaryHeavy","Publication",Supported,13081206.666666666,27756.716489922925,107501.30071087228,13052418.75,13240146.25,76.445547072364889,7197142,1234.375,500,203.125,15
"ViShap.Viper.Serialization.Benchmarks.Suites.ProfileStreamBenchmarks","'WL-02 serialize → Stream'","Profile=Headerless; Data=DATA-07/unicode UnicodeHeavy","Publication",Supported,305293.46028645831,890.77278867083476,3449.9481757768817,304684.033203125,310392.1435546875,3275.5369180253492,165108,25.87890625,0,0,15
"ViShap.Viper.Serialization.Benchmarks.Suites.ProfileStreamBenchmarks","'WL-05 deserialize ← Stream'","Profile=Headerless; Data=DATA-07/unicode UnicodeHeavy","Publication",Supported,506788.14453125,990.31841638180322,3835.4867340892265,507649.4140625,511058.4375,1973.211115514438,532120,83.984375,24.4140625,0,15
"ViShap.Viper.Serialization.Benchmarks.Suites.HarnessFloorBenchmarks","'floor serialize'","Data=DATA-01 TinyFlat","Publication",Supported,4.2652809619903564,0.023399963199122714,0.09062766777206871,4.2417369782924652,4.4001179188489914,234451143.76084587,0,0,0,0,15
"ViShap.Viper.Serialization.Benchmarks.Suites.HarnessFloorBenchmarks","'floor deserialize'","Data=DATA-01 TinyFlat","Publication",Supported,4.319623751299722,0.017029561544070176,0.063718784744891621,4.3101541697978973,4.414697103202343,231501644.02608263,0,0,0,0,14
"ViShap.Viper.Serialization.Benchmarks.Suites.HarnessFloorBenchmarks","'floor serialize'","Data=DATA-02 MediumObject","Publication",Supported,4.9285138291972022,0.037657992441254971,0.14090330558889891,4.9292720854282379,5.1740840822458267,202900921.99312919,0,0,0,0,14
"ViShap.Viper.Serialization.Benchmarks.Suites.HarnessFloorBenchmarks","'floor deserialize'","Data=DATA-02 MediumObject","Publication",Supported,4.348251124223073,0.024759183244965954,0.095891904373450854,4.328116774559021,4.510897621512413,229977517.72643438,0,0,0,0,15
"ViShap.Viper.Serialization.Benchmarks.Suites.HarnessFloorBenchmarks","'floor serialize'","Data=DATA-03 RecordBatchSmall","Publication",Supported,3.8438835740089417,0.022007036816638448,0.085232887090214204,3.8369365036487579,3.9630451798439026,260153561.03958672,0,0,0,0,15
"ViShap.Viper.Serialization.Benchmarks.Suites.HarnessFloorBenchmarks","'floor deserialize'","Data=DATA-03 RecordBatchSmall","Publication",Supported,4.2047280818223953,0.021599228875969941,0.080816914272393944,4.1940223425626755,4.3481123074889183,237827507.63911092,0,0,0,0,14
"ViShap.Viper.Serialization.Benchmarks.Suites.HarnessFloorBenchmarks","'floor serialize'","Data=DATA-04 RecordBatchLarge","Publication",Supported,4.3143922587235766,0.025514247780320142,0.098816256744189465,4.2887397110462189,4.4866514950990677,231782355.43558398,0,0,0,0,15
"ViShap.Viper.Serialization.Benchmarks.Suites.HarnessFloorBenchmarks","'floor deserialize'","Data=DATA-04 RecordBatchLarge","Publication",Supported,4.2074643075466156,0.0042914532201746673,0.016057147641261361,4.2115353047847748,4.2285169661045074,237672842.0978817,0,0,0,0,14
"ViShap.Viper.Serialization.Benchmarks.Suites.HarnessFloorBenchmarks","'floor serialize'","Data=DATA-05 DictionaryHeavy","Publication",Supported,3.8672706981499991,0.017012246173585557,0.065888146111877724,3.8437448441982269,3.9639459550380707,258580295.52427602,0,0,0,0,15
"ViShap.Viper.Serialization.Benchmarks.Suites.HarnessFloorBenchmarks","'floor deserialize'","Data=DATA-05 DictionaryHeavy","Publication",Supported,4.2783099412918091,0.025651432010722786,0.09934756898390118,4.2783923447132111,4.4093646109104156,233737156.42912403,0,0,0,0,15
"ViShap.Viper.Serialization.Benchmarks.Suites.HarnessFloorBenchmarks","'floor serialize'","Data=DATA-07/unicode UnicodeHeavy","Publication",Supported,4.0618510118552615,0.034999697773365659,0.13095687770856909,4.0973842144012451,4.2096631228923798,246193175.74212238,0,0,0,0,14
"ViShap.Viper.Serialization.Benchmarks.Suites.HarnessFloorBenchmarks","'floor deserialize'","Data=DATA-07/unicode UnicodeHeavy","Publication",Supported,4.448642123204011,0.013894352112703571,0.050096798981704133,4.4379070401191711,4.5274654030799866,224787693.03199822,0,0,0,0,13
"ViShap.Viper.Serialization.Benchmarks.Suites.AlgorithmBenchmarks","'phase write'","Profile=Default; Data=DATA-04 RecordBatchLarge","Publication",Supported,12510857.366071429,92951.214085079249,347791.59679104277,12407894.53125,13108251.71875,79.930573160551745,16763526,2093.75,906.25,906.25,14
"ViShap.Viper.Serialization.Benchmarks.Suites.AlgorithmBenchmarks","'phase read'","Profile=Default; Data=DATA-04 RecordBatchLarge","Publication",Supported,20647845.432692308,77603.577395383138,279803.67745849205,20694162.5,20880685.625,48.431203306891874,13789642,2312.5,1187.5,468.75,13
"ViShap.Viper.Serialization.Benchmarks.Suites.AlgorithmBenchmarks","'phase write'","Profile=Default; Data=DATA-08 Incompressible","Publication",Supported,24138785.714285713,86201.571694377752,322536.747481792,24143087.5,24542849.6875,41.427104570889178,26399350,4437.5,1031.25,1000,14
"ViShap.Viper.Serialization.Benchmarks.Suites.AlgorithmBenchmarks","'phase read'","Profile=Default; Data=DATA-08 Incompressible","Publication",Supported,14680742.5,72582.180347034911,281109.57571548951,14681487.5,15088872.8125,68.116445745165819,25499037,4437.5,1031.25,984.375,15
"ViShap.Viper.Serialization.Benchmarks.Suites.AlgorithmBenchmarks","'phase write'","Profile=Default; Data=DATA-09 HighlyCompressible","Publication",Supported,562116.64341517852,14743.728272043529,55165.979797679465,537535.3515625,663672.40234375,1778.9902001912465,2610637,592.7734375,500,500,14
"ViShap.Viper.Serialization.Benchmarks.Suites.AlgorithmBenchmarks","'phase read'","Profile=Default; Data=DATA-09 HighlyCompressible","Publication",Supported,589906.61272321432,3231.8208832112782,12092.366480397763,592133.935546875,607158.6279296875,1695.1835738603638,2244365,333.0078125,221.6796875,110.3515625,14
"ViShap.Viper.Serialization.Benchmarks.Suites.AlgorithmBenchmarks","'phase write'","Profile=Default; Data=DATA-14/blob ByteBlob(0.9 MB)","Publication",Supported,23979103.333333332,64658.540470622829,250421.45043280051,23944021.875,24384404.6875,41.70297721724652,26399435,4437.5,1031.25,1000,15
"ViShap.Viper.Serialization.Benchmarks.Suites.AlgorithmBenchmarks","'phase read'","Profile=Default; Data=DATA-14/blob ByteBlob(0.9 MB)","Publication",Supported,13862555.3125,55204.302989357057,213805.3461167682,13786662.5,14206047.5,72.136772583211282,25499011,4437.5,1031.25,984.375,15
"ViShap.Viper.Serialization.Benchmarks.Suites.AlgorithmBenchmarks","'phase write'","Profile=Default; Data=DATA-16 StringTable","Publication",Supported,3666182.03125,4938.2568606219284,18477.265260333133,3670918.1640625,3685844.62890625,272.76332475478472,6172313,1332.03125,1003.90625,996.09375,14
"ViShap.Viper.Serialization.Benchmarks.Suites.AlgorithmBenchmarks","'phase read'","Profile=Default; Data=DATA-16 StringTable","Publication",Supported,14387687.723214285,52611.957929373857,196855.92101908152,14379480.46875,14711555.3125,69.503871590604319,10576150,1890.625,984.375,453.125,14
"ViShap.Viper.Serialization.Benchmarks.Suites.AlgorithmBenchmarks","'phase write'","Profile=Deflate; Data=DATA-04 RecordBatchLarge","Publication",Supported,52979385.454545461,453803.00749706425,1757571.4904949695,52871772.727272727,55404103.636363633,18.875266132672802,21788554,2363.636363636364,1181.818181818182,1181.818181818182,15
"ViShap.Viper.Serialization.Benchmarks.Suites.AlgorithmBenchmarks","'phase read'","Profile=Deflate; Data=DATA-04 RecordBatchLarge","Publication",Supported,22493395.089285713,42186.882003148399,157848.85867204086,22498664.0625,22696525.625,44.457495012672872,16667188,2406.25,1093.75,562.5,14
"ViShap.Viper.Serialization.Benchmarks.Suites.AlgorithmBenchmarks","'phase write'","Profile=Deflate; Data=DATA-08 Incompressible","Publication",Supported,44100297.222222216,176756.62132525389,684575.45072459907,43866975,45083994.166666664,22.675584134070149,29389808,4333.333333333333,1000,916.66666666666663,15
"ViShap.Viper.Serialization.Benchmarks.Suites.AlgorithmBenchmarks","'phase read'","Profile=Deflate; Data=DATA-08 Incompressible","Publication",Supported,16259518.75,150141.43707161612,581495.28535401809,16164046.875,17044552.1875,61.502435304242937,27304646,4187.5,781.25,750,15
"ViShap.Viper.Serialization.Benchmarks.Suites.AlgorithmBenchmarks","'phase write'","Profile=Deflate; Data=DATA-09 HighlyCompressible","Publication",Supported,547407.1875,3619.4239878457038,14017.968827790048,548200.9765625,565748.02734375,1826.7936973333949,1900783,425.78125,341.796875,328.125,15
"ViShap.Viper.Serialization.Benchmarks.Suites.AlgorithmBenchmarks","'phase read'","Profile=Deflate; Data=DATA-09 HighlyCompressible","Publication",Supported,610933.32682291663,1784.4586449998585,6911.1786140803051,610240.72265625,623272.05078125,1636.8398253871278,2249186,333.0078125,221.6796875,110.3515625,15
"ViShap.Viper.Serialization.Benchmarks.Suites.AlgorithmBenchmarks","'phase write'","Profile=Deflate; Data=DATA-14/blob ByteBlob(0.9 MB)","Publication",Supported,23910774.583333332,72305.563124098247,280038.24181778164,24011643.75,24338215.9375,41.822149948125727,24627862,4156.25,750,687.5,15
"ViShap.Viper.Serialization.Benchmarks.Suites.AlgorithmBenchmarks","'phase read'","Profile=Deflate; Data=DATA-14/blob ByteBlob(0.9 MB)","Publication",Supported,15946336.875,51676.736836904442,200143.14115567427,15924732.8125,16235474.375,62.710327007311513,25513871,4437.5,1031.25,984.375,15
"ViShap.Viper.Serialization.Benchmarks.Suites.AlgorithmBenchmarks","'phase write'","Profile=Deflate; Data=DATA-16 StringTable","Publication",Supported,19909373.333333332,63828.670170827536,247207.37658218117,19984006.25,20172424.0625,50.227597989020921,8498519,1125,781.25,781.25,15
"ViShap.Viper.Serialization.Benchmarks.Suites.AlgorithmBenchmarks","'phase read'","Profile=Deflate; Data=DATA-16 StringTable","Publication",Supported,12492315.401785715,73621.897622074801,275467.91706595104,12398990.625,12875044.921875,80.049211682331915,11672455,1984.375,921.875,562.5,14
"ViShap.Viper.Serialization.Benchmarks.Suites.AlgorithmBenchmarks","'phase write'","Profile=Brotli; Data=DATA-04 RecordBatchLarge","Publication",Supported,41986216.666666664,159048.42765423891,615991.91154534253,42062966.666666664,42901451.666666664,23.817340055645246,17636114,2333.3333333333335,1166.6666666666667,1166.6666666666667,15
"ViShap.Viper.Serialization.Benchmarks.Suites.AlgorithmBenchmarks","'phase read'","Profile=Brotli; Data=DATA-04 RecordBatchLarge","Publication",Supported,30217033.541666668,249077.90958791637,964674.59574215685,30724462.5,31228386.25,33.09391699953229,15240572,2812.5,1937.5,968.75,15
"ViShap.Viper.Serialization.Benchmarks.Suites.AlgorithmBenchmarks","'phase write'","Profile=Brotli; Data=DATA-08 Incompressible","Publication",Supported,26253415.625,160581.22839588829,621928.42329080496,26409043.75,27070673.75,38.090281824043608,27299506,4250,843.75,812.5,15
"ViShap.Viper.Serialization.Benchmarks.Suites.AlgorithmBenchmarks","'phase read'","Profile=Brotli; Data=DATA-08 Incompressible","Publication",Supported,19107798.75,142887.86162998754,553402.30846813158,19156250,19882584.375,52.334652101147967,26399698,4375,968.75,937.5,15
"ViShap.Viper.Serialization.Benchmarks.Suites.AlgorithmBenchmarks","'phase write'","Profile=Brotli; Data=DATA-09 HighlyCompressible","Publication",Supported,890655.48177083337,2476.9453136072939,9593.1679490675579,891853.515625,901877.67578125,1122.7685906246979,1892848,429.6875,335.9375,332.03125,15
"ViShap.Viper.Serialization.Benchmarks.Suites.AlgorithmBenchmarks","'phase read'","Profile=Brotli; Data=DATA-09 HighlyCompressible","Publication",Supported,939346.015625,2926.1733867219104,11333.020794889315,939216.9921875,952168.7890625,1064.5704387585479,2244653,332.03125,220.703125,109.375,15
"ViShap.Viper.Serialization.Benchmarks.Suites.AlgorithmBenchmarks","'phase write'","Profile=Brotli; Data=DATA-14/blob ByteBlob(0.9 MB)","Publication",Supported,26921244.583333332,99378.049156044799,384889.52935994358,26961021.875,27398222.8125,37.145385195864598,24600415,4156.25,781.25,718.75,15
"ViShap.Viper.Serialization.Benchmarks.Suites.AlgorithmBenchmarks","'phase read'","Profile=Brotli; Data=DATA-14/blob ByteBlob(0.9 MB)","Publication",Supported,16894260.208333332,234559.5531499596,908445.24304364703,16675200,18311668.75,59.191701067013035,25499917,4375,968.75,937.5,15
"ViShap.Viper.Serialization.Benchmarks.Suites.AlgorithmBenchmarks","'phase write'","Profile=Brotli; Data=DATA-16 StringTable","Publication",Supported,8096281.979166667,27744.314302111878,107453.26724402356,8055618.75,8270506.25,123.51348465545018,6411379,1296.875,968.75,968.75,15
"ViShap.Viper.Serialization.Benchmarks.Suites.AlgorithmBenchmarks","'phase read'","Profile=Brotli; Data=DATA-16 StringTable","Publication",Supported,15566653.125,22533.68209733336,81246.346226940354,15554793.75,15700318.125,64.239884576987393,11123650,1906.25,859.375,484.375,13
"ViShap.Viper.Serialization.Benchmarks.Suites.AlgorithmBenchmarks","'phase write'","Profile=Crc32; Data=DATA-04 RecordBatchLarge","Publication",Supported,12056586.5625,54956.76512528475,212846.63609166042,11999507.8125,12395769.21875,82.9422154285636,16763943,2078.125,890.625,890.625,15
"ViShap.Viper.Serialization.Benchmarks.Suites.AlgorithmBenchmarks","'phase read'","Profile=Crc32; Data=DATA-04 RecordBatchLarge","Publication",Supported,20732611.041666668,88020.334400811931,340901.28926195239,20841953.125,21138981.875,48.233191564259975,13789687,2312.5,1187.5,468.75,15
"ViShap.Viper.Serialization.Benchmarks.Suites.AlgorithmBenchmarks","'phase write'","Profile=Crc32; Data=DATA-08 Incompressible","Publication",Supported,24110981.458333332,75003.548007884805,290487.49234100635,24109528.125,24545801.875,41.474877400910451,26399237,4437.5,1031.25,1000,15
"ViShap.Viper.Serialization.Benchmarks.Suites.AlgorithmBenchmarks","'phase read'","Profile=Crc32; Data=DATA-08 Incompressible","Publication",Supported,13768955.104166666,79968.327925948353,309716.00228125148,13755639.0625,14202312.8125,72.627152346323427,25499075,4437.5,1031.25,984.375,15
"ViShap.Viper.Serialization.Benchmarks.Suites.AlgorithmBenchmarks","'phase write'","Profile=Crc32; Data=DATA-09 HighlyCompressible","Publication",Supported,571417.24330357148,1951.0202697760924,7300.0494041534039,569890.4296875,584021.2109375,1750.0346930705753,2610749,591.796875,500,500,14
"ViShap.Viper.Serialization.Benchmarks.Suites.AlgorithmBenchmarks","'phase read'","Profile=Crc32; Data=DATA-09 HighlyCompressible","Publication",Supported,614400.17578125,4592.463906673348,17786.536228604531,620056.93359375,636098.41796875,1627.6037010055127,2244405,333.0078125,221.6796875,110.3515625,15
"ViShap.Viper.Serialization.Benchmarks.Suites.AlgorithmBenchmarks","'phase write'","Profile=Crc32; Data=DATA-14/blob ByteBlob(0.9 MB)","Publication",Supported,24345296.875,82157.265628061839,318193.72154742252,24307084.375,24775004.0625,41.075695446823339,26399228,4437.5,1031.25,1000,15
"ViShap.Viper.Serialization.Benchmarks.Suites.AlgorithmBenchmarks","'phase read'","Profile=Crc32; Data=DATA-14/blob ByteBlob(0.9 MB)","Publication",Supported,14007482.395833334,60902.892870648109,235875.88982387455,13939304.6875,14379766.5625,71.390416331878455,25499051,4437.5,1031.25,984.375,15
"ViShap.Viper.Serialization.Benchmarks.Suites.AlgorithmBenchmarks","'phase write'","Profile=Crc32; Data=DATA-16 StringTable","Publication",Supported,3795072.8236607141,15525.497706969105,58091.093178622839,3810384.375,3836792.6171875,263.49955494013511,6172088,1328.125,992.1875,992.1875,14
"ViShap.Viper.Serialization.Benchmarks.Suites.AlgorithmBenchmarks","'phase read'","Profile=Crc32; Data=DATA-16 StringTable","Publication",Supported,14353741.458333334,50025.755927907223,193748.91959022163,14314885.9375,14648148.75,69.668246631224591,10576112,1875,1062.5,437.5,15
"ViShap.Viper.Serialization.Benchmarks.Suites.AlgorithmBenchmarks","'phase write'","Profile=Aes256Gcm; Data=DATA-04 RecordBatchLarge","Publication",Supported,12751469.166666666,75301.707907644988,291642.26066728443,12803470.3125,13172488.4375,78.42233604062487,18503839,1906.25,718.75,718.75,15
"ViShap.Viper.Serialization.Benchmarks.Suites.AlgorithmBenchmarks","'phase read'","Profile=Aes256Gcm; Data=DATA-04 RecordBatchLarge","Publication",Supported,20338984.375,90096.761988179336,337111.21501748485,20289664.0625,20885691.25,49.166663465712013,15529898,2406.25,1281.25,562.5,14
"ViShap.Viper.Serialization.Benchmarks.Suites.AlgorithmBenchmarks","'phase write'","Profile=Aes256Gcm; Data=DATA-08 Incompressible","Publication",Supported,25198391.25,136613.53581064093,529101.94906112284,25215837.5,25965344.0625,39.685073149263047,27299967,4218.75,812.5,781.25,15
"ViShap.Viper.Serialization.Benchmarks.Suites.AlgorithmBenchmarks","'phase read'","Profile=Aes256Gcm; Data=DATA-08 Incompressible","Publication",Supported,15999775,96779.367157292727,374824.87725668779,16098231.25,16518075.3125,62.500878918609793,26405666,4375,968.75,937.5,15
"ViShap.Viper.Serialization.Benchmarks.Suites.AlgorithmBenchmarks","'phase write'","Profile=Aes256Gcm; Data=DATA-09 HighlyCompressible","Publication",Supported,648496.62760416663,2175.1067951600107,8424.1523938773098,648515.625,663369.4140625,1542.0280652722008,2973770,630.859375,537.109375,533.203125,15
"ViShap.Viper.Serialization.Benchmarks.Suites.AlgorithmBenchmarks","'phase read'","Profile=Aes256Gcm; Data=DATA-09 HighlyCompressible","Publication",Supported,2769826.7838541665,40445.325259652331,156644.07116257565,2790897.65625,2959872.96875,361.03340679250601,2605075,443.359375,220.703125,220.703125,15
"ViShap.Viper.Serialization.Benchmarks.Suites.AlgorithmBenchmarks","'phase write'","Profile=Aes256Gcm; Data=DATA-14/blob ByteBlob(0.9 MB)","Publication",Supported,24242429.464285713,158130.66025895521,591670.75303336023,24099250,25120113.59375,41.249991114678259,27300470,4312.5,906.25,875,14
"ViShap.Viper.Serialization.Benchmarks.Suites.AlgorithmBenchmarks","'phase read'","Profile=Aes256Gcm; Data=DATA-14/blob ByteBlob(0.9 MB)","Publication",Supported,15543103.125,79262.542042023488,306982.50530682219,15590400,15925817.8125,64.337217089653706,26406129,4375,968.75,937.5,15
"ViShap.Viper.Serialization.Benchmarks.Suites.AlgorithmBenchmarks","'phase write'","Profile=Aes256Gcm; Data=DATA-16 StringTable","Publication",Supported,4033673.9783653845,4607.4777842811727,16612.497401786975,4031438.28125,4054229.84375,247.91294620326315,6873344,1328.125,992.1875,992.1875,13
"ViShap.Viper.Serialization.Benchmarks.Suites.AlgorithmBenchmarks","'phase read'","Profile=Aes256Gcm; Data=DATA-16 StringTable","Publication",Supported,15964851.004464285,49273.592635905072,184364.90185902428,15902956.25,16315622.890625,62.637603051877392,11277810,1968.75,968.75,531.25,14
"ViShap.Viper.Serialization.Benchmarks.Suites.AlgorithmBenchmarks","'phase write'","Profile=ProtectedBrotli; Data=DATA-04 RecordBatchLarge","Publication",Supported,41478673.846153848,236281.61147093365,915114.74624197744,41440530.769230768,42517581.538461536,24.10877463703498,19085698,2230.7692307692309,1076.9230769230769,1076.9230769230769,15
"ViShap.Viper.Serialization.Benchmarks.Suites.AlgorithmBenchmarks","'phase read'","Profile=ProtectedBrotli; Data=DATA-04 RecordBatchLarge","Publication",Supported,27362748.541666668,129474.47332407697,501452.47894312657,27343131.25,28269270.9375,36.546036246221696,16691399,2312.5,1031.25,468.75,15
"ViShap.Viper.Serialization.Benchmarks.Suites.AlgorithmBenchmarks","'phase write'","Profile=ProtectedBrotli; Data=DATA-08 Incompressible","Publication",Supported,25338163.392857142,110754.22035582058,414404.3467107449,25361735.9375,25987410.9375,39.466159582896253,28205515,4406.25,1000,968.75,14
"ViShap.Viper.Serialization.Benchmarks.Suites.AlgorithmBenchmarks","'phase read'","Profile=ProtectedBrotli; Data=DATA-08 Incompressible","Publication",Supported,17217406.490384616,324149.6612885308,1168738.2247000823,16858951.5625,19029931.874999996,58.080756852576421,27303945,4390.625,968.75,937.5,13
"ViShap.Viper.Serialization.Benchmarks.Suites.AlgorithmBenchmarks","'phase write'","Profile=ProtectedBrotli; Data=DATA-09 HighlyCompressible","Publication",Supported,1014671.4322916666,21923.292210301432,84908.545624536244,998793.359375,1152214.51171875,985.54070625746238,1893401,429.6875,335.9375,332.03125,15
"ViShap.Viper.Serialization.Benchmarks.Suites.AlgorithmBenchmarks","'phase read'","Profile=ProtectedBrotli; Data=DATA-09 HighlyCompressible","Publication",Supported,988437.41629464284,19938.961161689087,74604.761315232696,957195.556640625,1136264.8583984375,1011.6978409707534,2245239,333.0078125,221.6796875,110.3515625,14
"ViShap.Viper.Serialization.Benchmarks.Suites.AlgorithmBenchmarks","'phase write'","Profile=ProtectedBrotli; Data=DATA-14/blob ByteBlob(0.9 MB)","Publication",Supported,26808300.892857142,217463.86638250967,813675.28200653871,26934121.875,27893252.1875,37.30187914544193,24601192,4125,750,687.5,14
"ViShap.Viper.Serialization.Benchmarks.Suites.AlgorithmBenchmarks","'phase read'","Profile=ProtectedBrotli; Data=DATA-14/blob ByteBlob(0.9 MB)","Publication",Supported,19405485.714285713,356314.19218478503,1333205.6292005908,19549500,20847121.5625,51.531820162781663,25500874,4375,968.75,937.5,14
"ViShap.Viper.Serialization.Benchmarks.Suites.AlgorithmBenchmarks","'phase write'","Profile=ProtectedBrotli; Data=DATA-16 StringTable","Publication",Supported,8552894.53125,94250.227504458642,352652.05994718219,8533048.4375,9114095.78125,116.91948221111183,6959424,1312.5,984.375,984.375,14
"ViShap.Viper.Serialization.Benchmarks.Suites.AlgorithmBenchmarks","'phase read'","Profile=ProtectedBrotli; Data=DATA-16 StringTable","Publication",Supported,14289320.089285715,125249.03793421462,468638.98797288374,14212981.25,14983173.75,69.982336020998702,11673313,1968.75,1031.25,562.5,14
"ViShap.Viper.Serialization.Benchmarks.Suites.AlgorithmBenchmarks","'phase write'","Profile=ProtectedDeflate; Data=DATA-04 RecordBatchLarge","Publication",Supported,54236650.666666664,322513.49303994305,1249089.3874708812,54392680,56053094,18.437716704630336,23227945,2500,1300,1300,15
"ViShap.Viper.Serialization.Benchmarks.Suites.AlgorithmBenchmarks","'phase read'","Profile=ProtectedDeflate; Data=DATA-04 RecordBatchLarge","Publication",Supported,22241523.958333332,458739.71345935162,1776691.2704720313,22104503.125,25020421.875,44.960947904171178,18106306,2437.5,1093.75,593.75,15
"ViShap.Viper.Serialization.Benchmarks.Suites.AlgorithmBenchmarks","'phase write'","Profile=ProtectedDeflate; Data=DATA-08 Incompressible","Publication",Supported,47089376.969696969,389207.89424323925,1507395.6926165232,47150427.272727273,49231246.36363636,21.236212164019957,30291183,4090.909090909091,636.36363636363637,636.36363636363637,15
"ViShap.Viper.Serialization.Benchmarks.Suites.AlgorithmBenchmarks","'phase read'","Profile=ProtectedDeflate; Data=DATA-08 Incompressible","Publication",Supported,16545683.705357144,110401.37268378447,413084.111612265,16693281.25,16951488.90625,60.438723343673075,28202474,3906.25,500,468.75,14
"ViShap.Viper.Serialization.Benchmarks.Suites.AlgorithmBenchmarks","'phase write'","Profile=ProtectedDeflate; Data=DATA-09 HighlyCompressible","Publication",Supported,568744.609375,5885.2265249360689,22793.384319735545,564865.0390625,602473.45703125,1758.258423053735,1903746,429.6875,341.796875,332.03125,15
"ViShap.Viper.Serialization.Benchmarks.Suites.AlgorithmBenchmarks","'phase read'","Profile=ProtectedDeflate; Data=DATA-09 HighlyCompressible","Publication",Supported,669099.20572916663,8833.4101582835683,34211.650433251685,663590.4296875,724648.02734375,1494.5466852112406,2251876,333.0078125,221.6796875,110.3515625,15
"ViShap.Viper.Serialization.Benchmarks.Suites.AlgorithmBenchmarks","'phase write'","Profile=ProtectedDeflate; Data=DATA-14/blob ByteBlob(0.9 MB)","Publication",Supported,24464799.553571429,79080.679184461405,295892.80742164026,24521740.625,24872036.875,40.875053883448544,24635464,4156.25,750,687.5,14
"ViShap.Viper.Serialization.Benchmarks.Suites.AlgorithmBenchmarks","'phase read'","Profile=ProtectedDeflate; Data=DATA-14/blob ByteBlob(0.9 MB)","Publication",Supported,17204845.416666668,308124.99856712221,1193362.9880006486,17196203.125,19182657.8125,58.123160992267941,25521533,4375,937.5,906.25,15
"ViShap.Viper.Serialization.Benchmarks.Suites.AlgorithmBenchmarks","'phase write'","Profile=ProtectedDeflate; Data=DATA-16 StringTable","Publication",Supported,20440034.6875,165593.00848792453,641338.96412211517,20156401.5625,21607744.6875,48.923596035360198,9046122,1031.25,687.5,687.5,15
"ViShap.Viper.Serialization.Benchmarks.Suites.AlgorithmBenchmarks","'phase read'","Profile=ProtectedDeflate; Data=DATA-16 StringTable","Publication",Supported,16435316.346153846,105471.40314751331,380282.5521434932,16518925,17048675.625,60.844584852424674,12218086,2187.5,1250,750,13
"ViShap.Viper.Serialization.Benchmarks.Suites.Components.EnvelopeDifferentialBenchmarks","'DIFF-01 serialize'","Configuration=Headerless","Publication",Supported,9500.6512451171875,44.970033599374766,174.16819120876644,9453.1005859375,9796.5203857421875,105255.94237699706,10146,1.6021728515625,0.0152587890625,0,15
"ViShap.Viper.Serialization.Benchmarks.Suites.Components.EnvelopeDifferentialBenchmarks","'DIFF-01 deserialize'","Configuration=Headerless","Publication",Supported,14061.81910588191,48.129655209916066,173.53393972975491,14049.664306640625,14317.873229980469,71114.554416484461,14243,2.25830078125,0.030517578125,0,13
"ViShap.Viper.Serialization.Benchmarks.Suites.Components.EnvelopeDifferentialBenchmarks","'DIFF-01 serialize'","Configuration=MinimalHeader","Publication",Supported,8959.1656494140625,29.290768726546222,113.44265947552655,8965.5975341796875,9122.4017333984375,111617.53662467453,13042,2.0751953125,0.0152587890625,0,15
"ViShap.Viper.Serialization.Benchmarks.Suites.Components.EnvelopeDifferentialBenchmarks","'DIFF-01 deserialize'","Configuration=MinimalHeader","Publication",Supported,11329.349644978842,64.196726023420666,222.38398230428743,11302.069091796875,11658.118591308594,88266.319898000424,15725,2.50244140625,0.030517578125,0,12
"ViShap.Viper.Serialization.Benchmarks.Suites.Components.EnvelopeDifferentialBenchmarks","'DIFF-01 serialize'","Configuration=Encrypted","Publication",Supported,11161.32334391276,114.19679099736405,442.28226972312007,11079.855346679688,11940.467529296875,89595.110650153059,14307,2.2735595703125,0.0152587890625,0,15
"ViShap.Viper.Serialization.Benchmarks.Suites.Components.EnvelopeDifferentialBenchmarks","'DIFF-01 deserialize'","Configuration=Encrypted","Publication",Supported,13458.3154296875,248.77008487159176,963.48239574228057,13255.6884765625,15048.802490234375,74303.504418845376,16943,2.685546875,0,0,15
"ViShap.Viper.Serialization.Benchmarks.Suites.Components.EnvelopeDifferentialBenchmarks","'DIFF-01 serialize'","Configuration=EncryptedWithKeyId","Publication",Supported,10789.837849934896,32.766999926756846,126.90604502150893,10795.054626464844,10963.831787109375,92679.798705782567,14427,2.288818359375,0.0152587890625,0,15
"ViShap.Viper.Serialization.Benchmarks.Suites.Components.EnvelopeDifferentialBenchmarks","'DIFF-01 deserialize'","Configuration=EncryptedWithKeyId","Publication",Supported,13088.450113932291,49.95204959961449,193.46345620823379,13092.372131347656,13426.312561035156,76403.240360409662,17223,2.7313232421875,0.0457763671875,0,15
"ViShap.Viper.Serialization.Benchmarks.Suites.Components.EnvelopeDifferentialBenchmarks","'DIFF-01 serialize'","Configuration=Protected","Publication",Supported,36693.68111746652,120.80323433774402,452.00431410600333,36665.338134765625,37340.031433105469,27252.648672634565,16284,2.5634765625,0,0,14
"ViShap.Viper.Serialization.Benchmarks.Suites.Components.EnvelopeDifferentialBenchmarks","'DIFF-01 deserialize'","Configuration=Protected","Publication",Supported,20389.412841796875,56.902322578499181,220.38174770704961,20368.83544921875,20702.998657226562,49045.061167728658,19399,3.082275390625,0.030517578125,0,15
"ViShap.Viper.Serialization.Benchmarks.Suites.Components.EnvelopeDifferentialBenchmarks","'DIFF-01 serialize'","Configuration=ProtectedCustomNames","Publication",Supported,37742.613438197543,60.336136686201009,225.75715152132619,37798.904418945312,38004.100341796875,26495.250564391139,16868,2.685546875,0,0,14
"ViShap.Viper.Serialization.Benchmarks.Suites.Components.EnvelopeDifferentialBenchmarks","'DIFF-01 deserialize'","Configuration=ProtectedCustomNames","Publication",Supported,21186.901448567707,83.769826079717092,324.43914132143607,21139.239501953125,21667.965393066406,47198.973499147643,20696,3.2958984375,0.030517578125,0,15
"ViShap.Viper.Serialization.Benchmarks.Suites.Components.ValuePrimitiveBenchmarks","'MICRO-01 write'","Primitive=Byte","Publication",Supported,4.4496602571927584,0.016664318503099133,0.060084054833587232,4.4549896240234377,4.5412886047363283,224736258.9949483,0,0,0,0,13
"ViShap.Viper.Serialization.Benchmarks.Suites.Components.ValuePrimitiveBenchmarks","'MICRO-01 read'","Primitive=Byte","Publication",Supported,2.5587614604404996,0.0085192462795447895,0.03187610077160518,2.5551612854003904,2.612368240356445,390814077.61544389,0,0,0,0,14
"ViShap.Viper.Serialization.Benchmarks.Suites.Components.ValuePrimitiveBenchmarks","'MICRO-01 write'","Primitive=Int16","Publication",Supported,5.8856918843587236,0.02167580059061331,0.083950014703158243,5.8826850891113285,6.0018691253662109,169903559.28374514,0,0,0,0,15
"ViShap.Viper.Serialization.Benchmarks.Suites.Components.ValuePrimitiveBenchmarks","'MICRO-01 read'","Primitive=Int16","Publication",Supported,11.138908034104567,0.030948532606600937,0.11158652121346886,11.093487548828126,11.316739501953125,89775406.793758288,0,0,0,0,13
"ViShap.Viper.Serialization.Benchmarks.Suites.Components.ValuePrimitiveBenchmarks","'MICRO-01 write'","Primitive=Int32","Publication",Supported,5.7394054119403544,0.02665888189575253,0.09611996562167438,5.7179336547851562,5.8840316772460941,174234076.21973932,0,0,0,0,13
"ViShap.Viper.Serialization.Benchmarks.Suites.Components.ValuePrimitiveBenchmarks","'MICRO-01 read'","Primitive=Int32","Publication",Supported,11.375431278773718,0.034916114570646709,0.13064413800070551,11.393581390380859,11.579092407226563,87908754.885274202,0,0,0,0,14
"ViShap.Viper.Serialization.Benchmarks.Suites.Components.ValuePrimitiveBenchmarks","'MICRO-01 write'","Primitive=Int64","Publication",Supported,5.6091104234967926,0.029796219753241992,0.11148724573765752,5.6222763061523438,5.7775148773193354,178281389.47148538,0,0,0,0,14
"ViShap.Viper.Serialization.Benchmarks.Suites.Components.ValuePrimitiveBenchmarks","'MICRO-01 read'","Primitive=Int64","Publication",Supported,11.000460706438336,0.032356030183876949,0.1210651793441838,11.046633911132812,11.153247070312499,90905283.577325195,0,0,0,0,14
"ViShap.Viper.Serialization.Benchmarks.Suites.Components.ValuePrimitiveBenchmarks","'MICRO-01 write'","Primitive=Double","Publication",Supported,6.4743330891927089,0.027072715767959867,0.10485217730591551,6.4713706970214844,6.6310054779052745,154456063.07609531,0,0,0,0,15
"ViShap.Viper.Serialization.Benchmarks.Suites.Components.ValuePrimitiveBenchmarks","'MICRO-01 read'","Primitive=Double","Publication",Supported,11.449597676595054,0.030080107242759929,0.11649975440334231,11.442909240722656,11.61094253540039,87339313.419210523,0,0,0,0,15
"ViShap.Viper.Serialization.Benchmarks.Suites.Components.ValuePrimitiveBenchmarks","'MICRO-01 write'","Primitive=Decimal","Publication",Supported,7.6428245544433597,0.022032386809974616,0.085331067192231644,7.6609214782714847,7.7394741821289061,130841679.39176667,0,0,0,0,15
"ViShap.Viper.Serialization.Benchmarks.Suites.Components.ValuePrimitiveBenchmarks","'MICRO-01 read'","Primitive=Decimal","Publication",Supported,35.588997105189733,0.12902631574671228,0.48277226740191292,35.477447509765625,36.448341979980469,28098572.068336703,0,0,0,0,14
"ViShap.Viper.Serialization.Benchmarks.Suites.Components.ValuePrimitiveBenchmarks","'MICRO-01 write'","Primitive=VarIntOneByte","Publication",Supported,4.4111973898751398,0.022155610567453191,0.082898703938198023,4.3859649658203121,4.5327245712280275,226695817.8510133,0,0,0,0,14
"ViShap.Viper.Serialization.Benchmarks.Suites.Components.ValuePrimitiveBenchmarks","'MICRO-01 read'","Primitive=VarIntOneByte","Publication",Supported,10.660981046236479,0.066100176793230561,0.23832757674522764,10.671536254882813,11.03796661376953,93799997.923551157,72,0.011474609375,0,0,13
"ViShap.Viper.Serialization.Benchmarks.Suites.Components.ValuePrimitiveBenchmarks","'MICRO-01 write'","Primitive=VarIntFiveBytes","Publication",Supported,22.605412394205732,0.092109706676569231,0.35673935998240275,22.71697998046875,23.056771545410157,44237193.401360914,0,0,0,0,15
"ViShap.Viper.Serialization.Benchmarks.Suites.Components.ValuePrimitiveBenchmarks","'MICRO-01 read'","Primitive=VarIntFiveBytes","Publication",Supported,43.82181762695312,0.16790415178670437,0.65028998362898838,43.835565185546876,44.820907592773438,22819683.30279706,360,0.057373046875,0,0,15
"ViShap.Viper.Serialization.Benchmarks.Suites.Components.ValueTextBenchmarks","'MICRO-01 write string'","Bytes=8; MultiByte=False","Publication",Supported,31.798155949665951,0.28619125359010278,1.031877239408433,31.710350513458252,33.249348402023315,31448364.539847013,32,0.0050663948059082031,0,0,13
"ViShap.Viper.Serialization.Benchmarks.Suites.Components.ValueTextBenchmarks","'MICRO-01 read string'","Bytes=8; MultiByte=False","Publication",Supported,49.855755567550659,0.3059212965761996,1.1848280868898011,49.540632963180542,51.779839992523193,20057864.706213869,160,0.025451183319091797,0,0,15
"ViShap.Viper.Serialization.Benchmarks.Suites.Components.ValueTextBenchmarks","'MICRO-01 write blob'","Bytes=8; MultiByte=False","Publication",Supported,14.939262668291727,0.062547842815813756,0.24224675356684588,14.959999918937683,15.270946025848389,66937707.85103599,0,0,0,0,15
"ViShap.Viper.Serialization.Benchmarks.Suites.Components.ValueTextBenchmarks","'MICRO-01 read blob'","Bytes=8; MultiByte=False","Publication",Supported,48.230162262916565,0.48978746174074983,1.8969386825031265,47.620436549186707,51.563693881034851,20733913.241857052,192,0.030577182769775391,0,0,15
"ViShap.Viper.Serialization.Benchmarks.Suites.Components.ValueTextBenchmarks","'MICRO-01 write string'","Bytes=8; MultiByte=True","Publication",Supported,34.373851418495178,0.22338612167527935,0.86517072902222059,34.120193123817444,36.007407307624817,29091881.146083631,32,0.0050663948059082031,0,0,15
"ViShap.Viper.Serialization.Benchmarks.Suites.Components.ValueTextBenchmarks","'MICRO-01 read string'","Bytes=8; MultiByte=True","Publication",Supported,60.271759216602035,0.24411318518950417,0.88016260621759379,60.468590259552002,61.428318023681641,16591518.366109796,152,0.024199485778808594,0,0,13
"ViShap.Viper.Serialization.Benchmarks.Suites.Components.ValueTextBenchmarks","'MICRO-01 write blob'","Bytes=8; MultiByte=True","Publication",Supported,18.235195477803547,0.074298758310073057,0.2877578535788029,18.248283863067627,18.635872304439545,54839006.31705492,0,0,0,0,15
"ViShap.Viper.Serialization.Benchmarks.Suites.Components.ValueTextBenchmarks","'MICRO-01 read blob'","Bytes=8; MultiByte=True","Publication",Supported,43.957818746566772,0.28017050850688191,1.0850957135456172,43.709981441497803,45.909177660942078,22749081.472066965,192,0.030577182769775391,0,0,15
"ViShap.Viper.Serialization.Benchmarks.Suites.Components.ValueTextBenchmarks","'MICRO-01 write string'","Bytes=256; MultiByte=False","Publication",Supported,71.489523989813662,0.67219134490938925,2.5151097110057266,71.2848961353302,74.888600707054138,13988063.483853763,280,0.044584274291992188,0,0,14
"ViShap.Viper.Serialization.Benchmarks.Suites.Components.ValueTextBenchmarks","'MICRO-01 read string'","Bytes=256; MultiByte=False","Publication",Supported,96.141524825777324,0.4192130351244851,1.5685515495054534,96.376466751098633,98.029288053512573,10401332.84563718,992,0.15807151794433594,0,0,14
"ViShap.Viper.Serialization.Benchmarks.Suites.Components.ValueTextBenchmarks","'MICRO-01 write blob'","Bytes=256; MultiByte=False","Publication",Supported,22.424298127492268,0.059951058178031376,0.2321894499110275,22.47772216796875,22.71530419588089,44594483.819049679,0,0,0,0,15
"ViShap.Viper.Serialization.Benchmarks.Suites.Components.ValueTextBenchmarks","'MICRO-01 read blob'","Bytes=256; MultiByte=False","Publication",Supported,62.096469799677529,0.20518631616844182,0.7946831853900248,62.141174077987671,63.225195407867432,16103975.044410545,536,0.085353851318359375,0,0,15
"ViShap.Viper.Serialization.Benchmarks.Suites.Components.ValueTextBenchmarks","'MICRO-01 write string'","Bytes=256; MultiByte=True","Publication",Supported,164.59852797644479,0.37238931467764208,1.3933532300192852,164.63124752044678,166.25579833984375,6075388.4757894501,280,0.044584274291992188,0,0,14
"ViShap.Viper.Serialization.Benchmarks.Suites.Components.ValueTextBenchmarks","'MICRO-01 read string'","Bytes=256; MultiByte=True","Publication",Supported,259.18300946553546,0.65554690879430277,2.538922260418087,259.1029167175293,262.29144096374512,3858277.6010746714,648,0.102996826171875,0,0,15
"ViShap.Viper.Serialization.Benchmarks.Suites.Components.ValueTextBenchmarks","'MICRO-01 write blob'","Bytes=256; MultiByte=True","Publication",Supported,21.941937009493511,0.055283845855132956,0.21411341431122788,21.994048357009888,22.215602695941925,45574827.763261504,0,0,0,0,15
"ViShap.Viper.Serialization.Benchmarks.Suites.Components.ValueTextBenchmarks","'MICRO-01 read blob'","Bytes=256; MultiByte=True","Publication",Supported,63.489632095609394,0.32655058297188971,1.221840400932108,63.630509376525879,64.845325946807861,15750603.161380654,536,0.085353851318359375,0,0,14
"ViShap.Viper.Serialization.Benchmarks.Suites.Components.ValueTextBenchmarks","'MICRO-01 write string'","Bytes=4096; MultiByte=False","Publication",Supported,399.76024287087574,2.1288839223015241,7.9655542534637798,400.74152946472168,410.10366201400757,2501499.3807751019,4120,0.6561279296875,0,0,14
"ViShap.Viper.Serialization.Benchmarks.Suites.Components.ValueTextBenchmarks","'MICRO-01 read string'","Bytes=4096; MultiByte=False","Publication",Supported,633.61501693725586,2.6775611738699938,10.370149834850068,631.49213790893555,651.00668907165527,1578245.4223287855,12512,1.995086669921875,0,0,15
"ViShap.Viper.Serialization.Benchmarks.Suites.Components.ValueTextBenchmarks","'MICRO-01 write blob'","Bytes=4096; MultiByte=False","Publication",Supported,104.69734852130597,0.26773101622691331,0.96531790703821729,104.70236539840698,106.02506160736084,9551340.2595529854,0,0,0,0,13
"ViShap.Viper.Serialization.Benchmarks.Suites.Components.ValueTextBenchmarks","'MICRO-01 read blob'","Bytes=4096; MultiByte=False","Publication",Supported,214.75429852803549,0.73101876172603053,2.8312234899300841,215.17605781555176,219.62622404098511,4656484.2094159676,4376,0.69761276245117188,0,0,15
"ViShap.Viper.Serialization.Benchmarks.Suites.Components.ValueTextBenchmarks","'MICRO-01 write string'","Bytes=4096; MultiByte=True","Publication",Supported,1867.1858860896184,4.327066307868324,15.601459445351889,1866.0808563232422,1888.4412384033203,535565.31647433597,4120,0.6561279296875,0,0,13
"ViShap.Viper.Serialization.Benchmarks.Suites.Components.ValueTextBenchmarks","'MICRO-01 read string'","Bytes=4096; MultiByte=True","Publication",Supported,2966.983846028646,8.4770994627567937,32.831665043400903,2960.7818603515625,3012.5453567504883,337042.61697902926,7048,1.12152099609375,0,0,15
"ViShap.Viper.Serialization.Benchmarks.Suites.Components.ValueTextBenchmarks","'MICRO-01 write blob'","Bytes=4096; MultiByte=True","Publication",Supported,91.243441104888916,0.23541066798834848,0.91174159663843712,91.204440593719482,92.649085521697998,10959691.873637797,0,0,0,0,15
"ViShap.Viper.Serialization.Benchmarks.Suites.Components.ValueTextBenchmarks","'MICRO-01 read blob'","Bytes=4096; MultiByte=True","Publication",Supported,213.67991129557291,0.5423914434912338,2.1006730277669496,213.50722312927246,216.83352947235107,4679897.1131017981,4376,0.69761276245117188,0,0,15
"ViShap.Viper.Serialization.Benchmarks.Suites.Components.ValueTextBenchmarks","'MICRO-01 write string'","Bytes=65536; MultiByte=False","Publication",Supported,7536.8661608014791,19.157889221267261,71.682257719751519,7527.7347564697266,7661.6243743896484,132681.14076390324,65560,10.41412353515625,0,0,14
"ViShap.Viper.Serialization.Benchmarks.Suites.Components.ValueTextBenchmarks","'MICRO-01 read string'","Bytes=65536; MultiByte=False","Publication",Supported,50186.901041666664,136.84699355206524,530.00612700570241,50196.78955078125,50805.803833007812,19925.517998606254,196934,41.6259765625,41.6259765625,41.6259765625,15
"ViShap.Viper.Serialization.Benchmarks.Suites.Components.ValueTextBenchmarks","'MICRO-01 write blob'","Bytes=65536; MultiByte=False","Publication",Supported,1209.1154607137044,2.7153710566833102,10.516586881308097,1207.1887969970703,1226.0091209411621,827050.87519907334,0,0,0,0,15
"ViShap.Viper.Serialization.Benchmarks.Suites.Components.ValueTextBenchmarks","'MICRO-01 read blob'","Bytes=65536; MultiByte=False","Publication",Supported,4081.1553446451821,10.473462228549959,40.563544788306409,4078.4278869628906,4138.3860015869141,245028.65378846307,65912,10.41412353515625,0,0,15
"ViShap.Viper.Serialization.Benchmarks.Suites.Components.ValueTextBenchmarks","'MICRO-01 write string'","Bytes=65536; MultiByte=True","Publication",Supported,31598.755821814902,1042.9664867478425,3760.4691465598789,29875.628662109375,39065.003662109375,31646.815641697758,65560,10.406494140625,0,0,13
"ViShap.Viper.Serialization.Benchmarks.Suites.Components.ValueTextBenchmarks","'MICRO-01 read string'","Bytes=65536; MultiByte=True","Publication",Supported,51864.571126302086,907.20787838277113,3513.6010045246362,50647.03369140625,57450.224609375,19280.984654529802,109536,17.333984375,0,0,15
"ViShap.Viper.Serialization.Benchmarks.Suites.Components.ValueTextBenchmarks","'MICRO-01 write blob'","Bytes=65536; MultiByte=True","Publication",Supported,1234.7843442644391,5.170394944976576,19.345846438410252,1232.5614929199219,1268.6278915405273,809858.01662046486,0,0,0,0,14
"ViShap.Viper.Serialization.Benchmarks.Suites.Components.ValueTextBenchmarks","'MICRO-01 read blob'","Bytes=65536; MultiByte=True","Publication",Supported,4078.5788399832591,11.331958755695039,42.400307184863983,4085.1879119873047,4139.9368667602539,245183.44237869498,65912,10.41412353515625,0,0,14
"ViShap.Viper.Serialization.Benchmarks.Suites.Components.BudgetBenchmarks","'MICRO-02 validate collection count'","","Publication",Supported,1.2786652755737304,0.0030854761541379955,0.011949997760096566,1.2795866012573243,1.2983405303955078,782065501.50609601,0,0,0,0,15
"ViShap.Viper.Serialization.Benchmarks.Suites.Components.BudgetBenchmarks","'MICRO-02 validate array count'","","Publication",Supported,1.2655201594034831,0.001738327865121079,0.0067325148718622319,1.2645877838134765,1.2743138122558593,790188913.68064892,0,0,0,0,15
"ViShap.Viper.Serialization.Benchmarks.Suites.Components.BudgetBenchmarks","'MICRO-02 validate dictionary count'","","Publication",Supported,1.2623941167195638,0.0027662596943616785,0.0107136777275476,1.2678651809692383,1.2718053245544434,792145643.54797792,0,0,0,0,15
"ViShap.Viper.Serialization.Benchmarks.Suites.Components.BudgetBenchmarks","'MICRO-02 validate rank-3 shape'","","Publication",Supported,7.336145731608072,0.01861255577964839,0.072086118564934826,7.3351486206054686,7.4367716979980472,136311359.75004706,0,0,0,0,15
"ViShap.Viper.Serialization.Benchmarks.Suites.Components.BudgetBenchmarks","'MICRO-02 charge graph node'","","Publication",Supported,0.92022703806559247,0.0026093259541297019,0.010105875965171113,0.91858596801757808,0.93452512741088878,1086688348.2386022,0,0,0,0,15
"ViShap.Viper.Serialization.Benchmarks.Suites.Components.BudgetBenchmarks","'MICRO-02 charge keyed field'","","Publication",Supported,0.975905164082845,0.0027226435920349591,0.010544753289609738,0.9764533996582031,0.99184991836547853,1024689730.93282,0,0,0,0,15
"ViShap.Viper.Serialization.Benchmarks.Suites.Components.DepthScopeBenchmarks","'MICRO-03 enter and exit'","Depth=1","Publication",Supported,2.0037867991129561,0.0060984350457527299,0.023619137370127989,1.9996768951416015,2.0358219146728516,499055089.31523246,0,0,0,0,15
"ViShap.Viper.Serialization.Benchmarks.Suites.Components.DepthScopeBenchmarks","'MICRO-03 descend and return'","Depth=1","Publication",Supported,6.67104572057724,0.061297884494777771,0.23740568580602014,6.6047415137290955,7.0219434797763824,149901535.96391043,0,0,0,0,15
"ViShap.Viper.Serialization.Benchmarks.Suites.Components.DepthScopeBenchmarks","'MICRO-03 descend and unwind'","Depth=1","Publication",Supported,1944.8712158203125,7.0473612876192551,27.294312901656234,1949.7516632080078,1989.7661209106445,514172.8623806166,320,0.049591064453125,0,0,15
"ViShap.Viper.Serialization.Benchmarks.Suites.Components.DepthScopeBenchmarks","'MICRO-03 enter and exit'","Depth=8","Publication",Supported,1.9950127410888672,0.0068451479497016092,0.026511144011520178,2.0011314392089843,2.0307804870605466,501249931.59402353,0,0,0,0,15
"ViShap.Viper.Serialization.Benchmarks.Suites.Components.DepthScopeBenchmarks","'MICRO-03 descend and return'","Depth=8","Publication",Supported,26.129411856333416,0.096415440306176242,0.37341539462307594,26.154851913452148,26.658492982387543,38271048.942787953,0,0,0,0,15
"ViShap.Viper.Serialization.Benchmarks.Suites.Components.DepthScopeBenchmarks","'MICRO-03 descend and unwind'","Depth=8","Publication",Supported,3663.3352007184708,6.8743685642505516,25.72153191783465,3665.9784317016602,3697.1416854858398,272975.293061873,784,0.1220703125,0,0,14
"ViShap.Viper.Serialization.Benchmarks.Suites.Components.DepthScopeBenchmarks","'MICRO-03 enter and exit'","Depth=64","Publication",Supported,1.9948870849609377,0.0081846984171184724,0.031699200663230051,1.9980846405029298,2.0395895767211911,501281504.87253326,0,0,0,0,15
"ViShap.Viper.Serialization.Benchmarks.Suites.Components.DepthScopeBenchmarks","'MICRO-03 descend and return'","Depth=64","Publication",Supported,237.28375434875488,0.58944329940474294,2.125268039982473,237.13655471801758,240.26205062866211,4214363.5275182817,0,0,0,0,13
"ViShap.Viper.Serialization.Benchmarks.Suites.Components.DepthScopeBenchmarks","'MICRO-03 descend and unwind'","Depth=64","Publication",Supported,17550.844632662258,41.428208874088561,149.37153134615858,17561.996459960938,17746.409912109375,56977.31482044985,4488,0.701904296875,0,0,13
"ViShap.Viper.Serialization.Benchmarks.Suites.Components.DepthScopeBenchmarks","'MICRO-03 enter and exit'","Depth=500","Publication",Supported,2.0373438262939456,0.008066883768944124,0.031242906492911515,2.049967575073242,2.0841060638427731,490835168.36677581,0,0,0,0,15
"ViShap.Viper.Serialization.Benchmarks.Suites.Components.DepthScopeBenchmarks","'MICRO-03 descend and return'","Depth=500","Publication",Supported,1702.9758707682292,5.9090771843606902,22.885757526483168,1700.1598358154297,1732.8959083557129,587207.38042453304,0,0,0,0,15
"ViShap.Viper.Serialization.Benchmarks.Suites.Components.DepthScopeBenchmarks","'MICRO-03 descend and unwind'","Depth=500","Publication",Supported,126025.89029947917,490.88211464666927,1901.1782549776301,126366.064453125,128319.8583984375,7934.877489249784,16856,2.685546875,0,0,15
"ViShap.Viper.Serialization.Benchmarks.Suites.Components.ContractLookupBenchmarks","'MICRO-04 positional lookup'","","Publication",Supported,4.3124455261230459,0.017576683289767751,0.068074201662832692,4.3125274658203123,4.4093161773681633,231886987.08016264,0,0,0,0,15
"ViShap.Viper.Serialization.Benchmarks.Suites.Components.ContractLookupBenchmarks","'MICRO-04 keyed lookup'","","Publication",Supported,4.2878646850585938,0.017963854400675546,0.069573708927511205,4.283365631103516,4.3896619415283205,233216314.7509248,0,0,0,0,15
"ViShap.Viper.Serialization.Benchmarks.Suites.Components.ContractLookupBenchmarks","'MICRO-04 union lookup'","","Publication",Supported,9.9360555376325319,0.028877776836948352,0.10805074701557722,9.9351127624511726,10.096782989501953,100643559.83242324,0,0,0,0,14
"ViShap.Viper.Serialization.Benchmarks.Suites.Components.FormatterResolutionBenchmarks","'MICRO-05 resolve claimed sequence'","","Publication",Supported,4.2599635823567708,0.014378926360169957,0.05568934232928107,4.2803787231445316,4.3308351135253904,234743790.80178961,0,0,0,0,15
"ViShap.Viper.Serialization.Benchmarks.Suites.Components.FormatterResolutionBenchmarks","'MICRO-05 resolve claimed map'","","Publication",Supported,4.2425529479980471,0.017838101600943859,0.069086670428411434,4.2424072265625004,4.3513933563232428,235707134.89194629,0,0,0,0,15
"ViShap.Viper.Serialization.Benchmarks.Suites.Components.FormatterResolutionBenchmarks","'MICRO-05 resolve member-encoded'","","Publication",Supported,4.2154798889160157,0.017117093822851381,0.066294219311373248,4.2192642211914064,4.3113581848144529,237220915.8509694,0,0,0,0,15
"ViShap.Viper.Serialization.Benchmarks.Suites.Components.FormatterShapeBenchmarks","'MICRO-06 scalar write'","","Publication",Supported,9.0290318806966141,0.034185154898508048,0.13239853560944256,9.0443084716796882,9.2039219665527341,110753845.28632845,32,0.005096435546875,0,0,15
"ViShap.Viper.Serialization.Benchmarks.Suites.Components.FormatterShapeBenchmarks","'MICRO-06 scalar read'","","Publication",Supported,14.812888554164342,0.20651771861800985,0.77271854736677892,14.517796325683594,16.124257354736326,67508777.666383669,32,0.005096435546875,0,0,14
"ViShap.Viper.Serialization.Benchmarks.Suites.Components.FormatterShapeBenchmarks","'MICRO-06 sequence write'","","Publication",Supported,2244.7159322102866,8.7256805028820352,33.794415271988882,2245.5272674560547,2296.6305541992188,445490.66795072728,2520,0.400543212890625,0,0,15
"ViShap.Viper.Serialization.Benchmarks.Suites.Components.FormatterShapeBenchmarks","'MICRO-06 sequence read'","","Publication",Supported,2801.0574340820312,8.7341021528613556,33.827032182106379,2799.737548828125,2853.9677047729492,357008.03126435081,3008,0.476837158203125,0,0,15
"ViShap.Viper.Serialization.Benchmarks.Suites.Components.FormatterShapeBenchmarks","'MICRO-06 map write'","","Publication",Supported,5849.5084490094869,16.543274771396632,61.899266249827193,5852.5543212890625,5935.7484436035156,170954.53553355116,8160,1.2969970703125,0,0,14
"ViShap.Viper.Serialization.Benchmarks.Suites.Components.FormatterShapeBenchmarks","'MICRO-06 map read'","","Publication",Supported,16621.85791015625,76.577780454881847,296.58446839128521,16684.701538085938,17064.14306640625,60161.746382694218,19232,3.0517578125,0.06103515625,0,15
"ViShap.Viper.Serialization.Benchmarks.Suites.Components.FormatterShapeBenchmarks","'MICRO-06 composite write'","","Publication",Supported,129.69785588128227,0.37193810987149978,1.391664976223435,130.04879951477051,131.03752732276917,7710227.691931475,88,0.013828277587890625,0,0,14
"ViShap.Viper.Serialization.Benchmarks.Suites.Components.FormatterShapeBenchmarks","'MICRO-06 composite read'","","Publication",Supported,165.45878478458948,0.63218656446688892,2.3654255287567754,165.13298749923706,169.73066926002502,6043801.18772115,304,0.048398971557617188,0,0,14
"ViShap.Viper.Serialization.Benchmarks.Suites.Components.ReferenceIdentityBenchmarks","'MICRO-07 write lookup and register'","SharedPercent=0","Publication",Supported,21.792917683919274,0.050818317127672701,0.19681849591776351,21.790148925781249,22.11083038330078,45886467.085492074,102,0.0162353515625,0.00323486328125,0,15
"ViShap.Viper.Serialization.Benchmarks.Suites.Components.ReferenceIdentityBenchmarks","'MICRO-07 read register and resolve'","SharedPercent=0","Publication",Supported,19.17488586425781,0.070761765817997729,0.27405914056133446,19.161773681640625,19.538985290527343,52151549.014641628,102,0.0162353515625,0.00323486328125,0,15
"ViShap.Viper.Serialization.Benchmarks.Suites.Components.ReferenceIdentityBenchmarks","'MICRO-07 table construction'","SharedPercent=0","Publication",Supported,0.014884709318478901,4.5253024495889206E-05,0.00015676107524607817,0.014927592873573304,0.015032174587249756,67183038553.432236,0,2.8043985366821289E-05,0,0,12
"ViShap.Viper.Serialization.Benchmarks.Suites.Components.ReferenceIdentityBenchmarks","'MICRO-07 write lookup and register'","SharedPercent=10","Publication",Supported,16.597292277018227,0.079452199119193392,0.30771704400819161,16.544924926757812,17.105985717773436,60250791.714059889,48,0.007659912109375,0.000823974609375,0,15
"ViShap.Viper.Serialization.Benchmarks.Suites.Components.ReferenceIdentityBenchmarks","'MICRO-07 read register and resolve'","SharedPercent=10","Publication",Supported,14.174236958821613,0.054323420390115347,0.21039370247994116,14.174485778808593,14.486080017089844,70550534.953321099,48,0.007659912109375,0.0008392333984375,0,15
"ViShap.Viper.Serialization.Benchmarks.Suites.Components.ReferenceIdentityBenchmarks","'MICRO-07 table construction'","SharedPercent=10","Publication",Supported,0.014928316871325172,7.4693432723312936E-05,0.00028928642100845513,0.014874872565269471,0.015352280139923097,66986788170.395462,0,2.8043985366821289E-05,0,0,15
"ViShap.Viper.Serialization.Benchmarks.Suites.Components.ReferenceIdentityBenchmarks","'MICRO-07 write lookup and register'","SharedPercent=50","Publication",Supported,12.139227294921877,0.027556642977597724,0.10310751675182078,12.150825500488281,12.310958709716797,82377566.191410169,48,0.007659912109375,0.000946044921875,0,14
"ViShap.Viper.Serialization.Benchmarks.Suites.Components.ReferenceIdentityBenchmarks","'MICRO-07 read register and resolve'","SharedPercent=50","Publication",Supported,10.298733927408854,0.027320117973525872,0.10581036192788763,10.277430725097656,10.440843048095704,97099314.05632484,48,0.007659912109375,0.000946044921875,0,15
"ViShap.Viper.Serialization.Benchmarks.Suites.Components.ReferenceIdentityBenchmarks","'MICRO-07 table construction'","SharedPercent=50","Publication",Supported,0.01494457849434444,4.8385497291252067E-05,0.00018104195335254383,0.014968809485435487,0.015244282782077789,66913897931.509781,0,2.8043985366821289E-05,0,0,14
"ViShap.Viper.Serialization.Benchmarks.Suites.Components.ReferenceIdentityBenchmarks","'MICRO-07 write lookup and register'","SharedPercent=90","Publication",Supported,7.3653848375592901,0.018836214947393348,0.070478662796776045,7.3747695922851566,7.4645785522460937,135770230.89147583,10,0.0016326904296875,3.814697265625E-05,0,14
"ViShap.Viper.Serialization.Benchmarks.Suites.Components.ReferenceIdentityBenchmarks","'MICRO-07 read register and resolve'","SharedPercent=90","Publication",Supported,4.7970844014485676,0.015513253499981098,0.060082572450920718,4.7939102172851564,4.8766198730468746,208459955.3216182,10,0.0016326904296875,3.814697265625E-05,0,15
"ViShap.Viper.Serialization.Benchmarks.Suites.Components.ReferenceIdentityBenchmarks","'MICRO-07 table construction'","SharedPercent=90","Publication",Supported,0.015405931643077306,8.2584763255671631E-05,0.00030900388947056092,0.015433077514171601,0.015795436650514603,64910063420.238045,0,2.8043985366821289E-05,0,0,14
"ViShap.Viper.Serialization.Benchmarks.Suites.Components.ReferenceScopeBenchmarks","'MICRO-07 write scope enter and exit'","","Publication",Supported,8.1664365495954225,0.05647623904244177,0.2113147369903631,8.1672401428222656,8.5000150299072263,122452430.00749715,80,0.0127410888671875,0,0,14
"ViShap.Viper.Serialization.Benchmarks.Suites.Components.ReferenceScopeBenchmarks","'MICRO-07 read scope enter and exit'","","Publication",Supported,7.5182494099934889,0.039937843021708122,0.15467860090652166,7.5245895385742188,7.7820359802246095,133009686.89210671,80,0.0127410888671875,0,0,15
"ViShap.Viper.Serialization.Benchmarks.Suites.Components.HeaderBenchmarks","'MICRO-08 write header'","AllFields=False","Publication",Supported,90.708353122075394,0.5131160778953352,1.9872900243599008,90.23163914680481,93.760712146759033,11024343.024442291,0,0,0,0,15
"ViShap.Viper.Serialization.Benchmarks.Suites.Components.HeaderBenchmarks","'MICRO-08 parse header'","AllFields=False","Publication",Supported,121.6466760635376,0.37869750690635812,1.4666891374985933,121.67239189147949,123.52807998657227,8220528.7670802232,72,0.011444091796875,0,0,15
"ViShap.Viper.Serialization.Benchmarks.Suites.Components.HeaderBenchmarks","'MICRO-08 build associated data'","AllFields=False","Publication",Supported,84.194441025073715,0.48978211562904678,1.7659345317057606,84.71982479095459,86.07081413269043,11877268.71067643,240,0.03814697265625,0,0,13
"ViShap.Viper.Serialization.Benchmarks.Suites.Components.HeaderBenchmarks","'MICRO-08 write header'","AllFields=True","Publication",Supported,232.3222017288208,0.98557779669399959,3.8171263929876598,231.53717517852783,237.44928359985352,4304366.9204170797,192,0.030517578125,0,0,15
"ViShap.Viper.Serialization.Benchmarks.Suites.Components.HeaderBenchmarks","'MICRO-08 parse header'","AllFields=True","Publication",Supported,404.69886779785156,1.2804193672240478,4.9590428854201765,406.36401176452637,411.23993873596191,2470973.0606399998,1312,0.20885467529296875,0,0,15
"ViShap.Viper.Serialization.Benchmarks.Suites.Components.HeaderBenchmarks","'MICRO-08 build associated data'","AllFields=True","Publication",Supported,125.01104559217181,0.43202673646934159,1.6164960297943509,124.87847805023193,127.66361832618713,7999293.1445620991,608,0.096797943115234375,0,0,14
"ViShap.Viper.Serialization.Benchmarks.Suites.Components.StreamMechanismBenchmarks","'MICRO-09 bare write'","","Publication",Supported,5.8138250158383293,0.012495970573070447,0.045054862637894627,5.8267682790756226,5.8589349687099457,172003800.81542653,0,0,0,0,13
"ViShap.Viper.Serialization.Benchmarks.Suites.Components.StreamMechanismBenchmarks","'MICRO-09 metered write'","","Publication",Supported,9.5060285925865173,0.029032634494165297,0.11244290989242919,9.5141127705574036,9.7004410624504089,105196401.44780037,0,0,0,0,15
"ViShap.Viper.Serialization.Benchmarks.Suites.Components.StreamMechanismBenchmarks","'MICRO-09 bare read'","","Publication",Supported,4.9089357753594713,0.014191806550915308,0.05496463042429231,4.9113959074020386,4.971187561750412,203710141.21217996,0,0,0,0,15
"ViShap.Viper.Serialization.Benchmarks.Suites.Components.StreamMechanismBenchmarks","'MICRO-09 metered read'","","Publication",Supported,7.7650396029154463,0.026387667345698661,0.10219899617515218,7.7904179692268372,7.9440741240978241,128782343.83048633,0,0,0,0,15
"ViShap.Viper.Serialization.Benchmarks.Suites.Components.StreamMechanismBenchmarks","'MICRO-09 window read'","","Publication",Supported,7.7924270715032309,0.019744159020697667,0.073875878445432766,7.8078493475914001,7.8914981335401535,128329722.02678449,0,2.9802322387695312E-05,0,0,14
"ViShap.Viper.Serialization.Benchmarks.Suites.Components.StreamMechanismBenchmarks","'MICRO-09 window construction'","","Publication",Supported,0.020004570833407342,9.9901436093927996E-05,0.0003869165982539877,0.020080310059711337,0.020549881155602634,49988575527.449684,0,3.4866388887166977E-05,0,0,15
"ViShap.Viper.Serialization.Benchmarks.Suites.Components.CompressionPrimitiveBenchmarks","'MICRO-10 deflate compress'","Bytes=4096; Compressible=False","Publication",Supported,67668.5546875,152.47539813081795,590.53467766700339,67618.3837890625,68647.943115234375,14777.912792996654,4392,0.6103515625,0,0,15
"ViShap.Viper.Serialization.Benchmarks.Suites.Components.CompressionPrimitiveBenchmarks","'MICRO-10 deflate decompress'","Bytes=4096; Compressible=False","Publication",Supported,1012.7705510457357,3.71398818656907,14.384214394593094,1014.7565841674805,1032.8366470336914,987390.47947973059,4440,0.7076263427734375,0.011444091796875,0,15
"ViShap.Viper.Serialization.Benchmarks.Suites.Components.CompressionPrimitiveBenchmarks","'MICRO-10 brotli compress'","Bytes=4096; Compressible=False","Publication",Supported,49743.582356770836,161.70479591401667,626.27998157685579,49503.857421875,50978.802490234375,20103.095768772779,0,0,0,0,15
"ViShap.Viper.Serialization.Benchmarks.Suites.Components.CompressionPrimitiveBenchmarks","'MICRO-10 brotli decompress'","Bytes=4096; Compressible=False","Publication",Supported,448.28338305155438,1.141017639066445,4.4191423138332473,447.9555606842041,455.91747760772705,2230731.8044956308,0,0,0,0,15
"ViShap.Viper.Serialization.Benchmarks.Suites.Components.CompressionPrimitiveBenchmarks","'MICRO-10 deflate compress'","Bytes=4096; Compressible=True","Publication",Supported,6453.9202880859375,20.876959480941441,80.856116389133234,6427.9190063476562,6565.1352691650391,154944.58489765041,544,0.08392333984375,0,0,15
"ViShap.Viper.Serialization.Benchmarks.Suites.Components.CompressionPrimitiveBenchmarks","'MICRO-10 deflate decompress'","Bytes=4096; Compressible=True","Publication",Supported,2467.4980926513672,4.7026726307934412,18.21337278172842,2468.0068969726562,2490.9450531005859,405268.80364291737,424,0.064849853515625,0,0,15
"ViShap.Viper.Serialization.Benchmarks.Suites.Components.CompressionPrimitiveBenchmarks","'MICRO-10 brotli compress'","Bytes=4096; Compressible=True","Publication",Supported,14491.599731445312,66.318134606440282,256.84903088228498,14456.097412109375,14926.300048828125,69005.49411602231,0,0,0,0,15
"ViShap.Viper.Serialization.Benchmarks.Suites.Components.CompressionPrimitiveBenchmarks","'MICRO-10 brotli decompress'","Bytes=4096; Compressible=True","Publication",Supported,4580.7243892124725,13.544406118823309,50.678527203961401,4564.7293090820312,4659.7452163696289,218306.08328127814,0,0,0,0,14
"ViShap.Viper.Serialization.Benchmarks.Suites.Components.CompressionPrimitiveBenchmarks","'MICRO-10 deflate compress'","Bytes=65536; Compressible=False","Publication",Supported,1336764.2122395833,4214.2206151475057,16321.606259710266,1333112.98828125,1365634.78515625,748.07508373120163,254364,41.015625,41.015625,41.015625,15
"ViShap.Viper.Serialization.Benchmarks.Suites.Components.CompressionPrimitiveBenchmarks","'MICRO-10 deflate decompress'","Bytes=65536; Compressible=False","Publication",Supported,8145.9323120117188,16.397140521392711,63.505852164776776,8163.5833740234375,8236.6278076171875,122760.6566930876,65896,10.406494140625,0,0,15
"ViShap.Viper.Serialization.Benchmarks.Suites.Components.CompressionPrimitiveBenchmarks","'MICRO-10 brotli compress'","Bytes=65536; Compressible=False","Publication",Supported,130183.3984375,267.28782723999507,1000.0994731872846,130267.1875,131510.65795898438,7681.4710016968247,0,0,0,0,14
"ViShap.Viper.Serialization.Benchmarks.Suites.Components.CompressionPrimitiveBenchmarks","'MICRO-10 brotli decompress'","Bytes=65536; Compressible=False","Publication",Supported,2782.0555005754745,5.2245211156293081,19.548368024650834,2779.5204162597656,2812.4004554748535,359446.45956672961,0,0,0,0,14
"ViShap.Viper.Serialization.Benchmarks.Suites.Components.CompressionPrimitiveBenchmarks","'MICRO-10 deflate compress'","Bytes=65536; Compressible=True","Publication",Supported,17080.641174316406,37.592229701616532,140.65724394835624,17075.395202636719,17298.515777587891,58545.811588365126,776,0.1220703125,0,0,14
"ViShap.Viper.Serialization.Benchmarks.Suites.Components.CompressionPrimitiveBenchmarks","'MICRO-10 deflate decompress'","Bytes=65536; Compressible=True","Publication",Supported,5536.6551208496094,14.09490466718557,54.58933104239091,5518.9109802246094,5621.5666198730469,180614.46454092092,824,0.12969970703125,0,0,15
"ViShap.Viper.Serialization.Benchmarks.Suites.Components.CompressionPrimitiveBenchmarks","'MICRO-10 brotli compress'","Bytes=65536; Compressible=True","Publication",Supported,83645.80514090402,145.76326219729964,545.39618672079303,83612.12158203125,84453.032836914062,11955.172148985454,0,0,0,0,14
"ViShap.Viper.Serialization.Benchmarks.Suites.Components.CompressionPrimitiveBenchmarks","'MICRO-10 brotli decompress'","Bytes=65536; Compressible=True","Publication",Supported,51334.514911358172,118.24507053554009,426.33866488674596,51289.788818359375,51900.831298828125,19480.071093040406,0,0,0,0,13
"ViShap.Viper.Serialization.Benchmarks.Suites.Components.CompressionPrimitiveBenchmarks","'MICRO-10 deflate compress'","Bytes=1000000; Compressible=False","Publication",Supported,20806359.166666668,29060.542086292993,112550.99553197251,20764418.75,20976578.125,48.062229051686963,2089598,281.25,281.25,281.25,15
"ViShap.Viper.Serialization.Benchmarks.Suites.Components.CompressionPrimitiveBenchmarks","'MICRO-10 deflate decompress'","Bytes=1000000; Compressible=False","Publication",Supported,195469.3603515625,1862.4560778499274,7213.261372555553,198594.04296875,200342.47314453125,5115.8912997998486,1001032,165.283203125,165.0390625,165.0390625,15
"ViShap.Viper.Serialization.Benchmarks.Suites.Components.CompressionPrimitiveBenchmarks","'MICRO-10 brotli compress'","Bytes=1000000; Compressible=False","Publication",Supported,1442049.0885416667,3125.2411616782601,12104.006972061823,1440495.5078125,1459589.19921875,693.45766933030859,0,0,0,0,15
"ViShap.Viper.Serialization.Benchmarks.Suites.Components.CompressionPrimitiveBenchmarks","'MICRO-10 brotli decompress'","Bytes=1000000; Compressible=False","Publication",Supported,245027.82854352679,597.92837618467786,2237.2431255131478,244777.7099609375,248859.84619140625,4081.1690898299735,0,0,0,0,14
"ViShap.Viper.Serialization.Benchmarks.Suites.Components.CompressionPrimitiveBenchmarks","'MICRO-10 deflate compress'","Bytes=1000000; Compressible=True","Publication",Supported,229418.80754743304,647.31512719300315,2422.0314272322134,229247.1923828125,232447.4169921875,4358.8405444625414,6656,0.9765625,0,0,14
"ViShap.Viper.Serialization.Benchmarks.Suites.Components.CompressionPrimitiveBenchmarks","'MICRO-10 deflate decompress'","Bytes=1000000; Compressible=True","Publication",Supported,39305.232340494789,99.451671658407136,385.17466808549904,39292.7734375,39785.805053710938,25441.905325407159,6704,1.03759765625,0,0,15
"ViShap.Viper.Serialization.Benchmarks.Suites.Components.CompressionPrimitiveBenchmarks","'MICRO-10 brotli compress'","Bytes=1000000; Compressible=True","Publication",Supported,1049097.1223958333,3732.1773815719171,14454.660843920039,1053080.46875,1067636.09375,953.20059377943039,0,0,0,0,15
"ViShap.Viper.Serialization.Benchmarks.Suites.Components.CompressionPrimitiveBenchmarks","'MICRO-10 brotli decompress'","Bytes=1000000; Compressible=True","Publication",Supported,926798.48958333337,3055.067590414676,11832.225899214063,923261.81640625,945606.240234375,1078.9831999505916,0,0,0,0,15
"ViShap.Viper.Serialization.Benchmarks.Suites.Components.ProtectionPrimitiveBenchmarks","'MICRO-10 crc32 compute'","Bytes=4096","Publication",Supported,119.56459840138753,0.406849563478559,1.5757215837642164,119.65646743774414,121.99196815490723,8363679.6624609847,0,0,0,0,15
"ViShap.Viper.Serialization.Benchmarks.Suites.Components.ProtectionPrimitiveBenchmarks","'MICRO-10 aes-256-gcm encrypt'","Bytes=4096","Publication",Supported,1262.8858157566615,2.7133240768942488,10.152329075022951,1265.8178329467773,1276.4946460723877,791837.22512620606,72,0.011444091796875,0,0,14
"ViShap.Viper.Serialization.Benchmarks.Suites.Components.ProtectionPrimitiveBenchmarks","'MICRO-10 aes-256-gcm decrypt'","Bytes=4096","Publication",Supported,1232.3450088500977,4.2745919017021192,16.5554232471254,1234.7707748413086,1253.9167022705078,811461.07041330985,40,0.0057220458984375,0,0,15
"ViShap.Viper.Serialization.Benchmarks.Suites.Components.ProtectionPrimitiveBenchmarks","'MICRO-10 crc32 compute'","Bytes=65536","Publication",Supported,1883.8157360370342,2.5241974803847742,9.1011234449243101,1882.0755004882812,1899.0421676635742,530837.48100739985,0,0,0,0,13
"ViShap.Viper.Serialization.Benchmarks.Suites.Components.ProtectionPrimitiveBenchmarks","'MICRO-10 aes-256-gcm encrypt'","Bytes=65536","Publication",Supported,8112.3915536063059,19.524393545453407,73.053591331627203,8130.3421020507812,8190.6291961669922,123268.21177109692,72,0,0,0,14
"ViShap.Viper.Serialization.Benchmarks.Suites.Components.ProtectionPrimitiveBenchmarks","'MICRO-10 aes-256-gcm decrypt'","Bytes=65536","Publication",Supported,9546.7992146809902,36.699914728031843,142.13815854889964,9555.3665161132812,9759.7859191894531,104747.14901955916,40,0,0,0,15
"ViShap.Viper.Serialization.Benchmarks.Suites.Components.ProtectionPrimitiveBenchmarks","'MICRO-10 crc32 compute'","Bytes=1000000","Publication",Supported,28778.42793782552,101.62771390277862,393.6024434585936,28588.092041015625,29353.40576171875,34748.249701493573,0,0,0,0,15
"ViShap.Viper.Serialization.Benchmarks.Suites.Components.ProtectionPrimitiveBenchmarks","'MICRO-10 aes-256-gcm encrypt'","Bytes=1000000","Publication",Supported,115766.91632952009,310.54205253869537,1161.9419647853508,116011.5234375,117597.2998046875,8638.0464445782618,40,0,0,0,14
"ViShap.Viper.Serialization.Benchmarks.Suites.Components.ProtectionPrimitiveBenchmarks","'MICRO-10 aes-256-gcm decrypt'","Bytes=1000000","Publication",Supported,123565.73016826923,713.43122592019608,2572.3128665724003,123569.970703125,127336.259765625,8092.8587452056554,40,0,0,0,13
"ViShap.Viper.Serialization.Benchmarks.Suites.ElementCountScalingBenchmarks","'SCALE-01 serialize'","Count=1","Publication",Supported,1196.5284787691558,4.6026423817618465,16.59506311006604,1197.039794921875,1222.7435302734375,835751.10642471246,2304,0.3662109375,0,0,13
"ViShap.Viper.Serialization.Benchmarks.Suites.ElementCountScalingBenchmarks","'SCALE-01 deserialize'","Count=1","Publication",Supported,1688.9460154942103,5.3624791346929497,20.064559665745008,1688.428783416748,1717.000036239624,592085.2358962968,1728,0.274658203125,0,0,14
"ViShap.Viper.Serialization.Benchmarks.Suites.ElementCountScalingBenchmarks","'SCALE-01 serialize'","Count=10","Publication",Supported,5786.4635721842451,23.423309734908269,90.718088516357795,5768.4181213378906,5920.3605651855469,172817.12526577353,9680,1.5411376953125,0.00762939453125,0,15
"ViShap.Viper.Serialization.Benchmarks.Suites.ElementCountScalingBenchmarks","'SCALE-01 deserialize'","Count=10","Publication",Supported,6395.7103474934893,24.747655320655507,95.847256914580157,6376.0360717773438,6528.9933776855469,156354.79808617427,7746,1.22833251953125,0,0,15
"ViShap.Viper.Serialization.Benchmarks.Suites.ElementCountScalingBenchmarks","'SCALE-01 serialize'","Count=100","Publication",Supported,50512.755911690845,205.62921782391794,769.39408180741032,50648.69384765625,51496.812744140625,19796.979633189181,96947,15.44189453125,1.28173828125,0,14
"ViShap.Viper.Serialization.Benchmarks.Suites.ElementCountScalingBenchmarks","'SCALE-01 deserialize'","Count=100","Publication",Supported,53034.115600585938,167.78070942566058,627.7779307806951,53173.648071289062,53865.826416015625,18855.78723573457,68086,10.80322265625,0.79345703125,0,14
"ViShap.Viper.Serialization.Benchmarks.Suites.ElementCountScalingBenchmarks","'SCALE-01 serialize'","Count=1000","Publication",Supported,602017.74739583337,2671.7418754634155,10347.61178903478,601224.51171875,615776.42578125,1661.0805982476941,891422,121.09375,121.09375,121.09375,15
"ViShap.Viper.Serialization.Benchmarks.Suites.ElementCountScalingBenchmarks","'SCALE-01 deserialize'","Count=1000","Publication",Supported,566108.95182291663,2110.327306134207,8173.2625117045445,566643.45703125,577553.095703125,1766.4444216610939,672084,107.421875,26.3671875,26.3671875,15
"ViShap.Viper.Serialization.Benchmarks.Suites.ElementCountScalingBenchmarks","'SCALE-01 serialize'","Count=10000","Publication",Supported,5670084.84375,43029.146146889179,166651.16642842683,5645659.375,5957185,176.36420398581447,8384769,1601.5625,1007.8125,1000,15
"ViShap.Viper.Serialization.Benchmarks.Suites.ElementCountScalingBenchmarks","'SCALE-01 deserialize'","Count=10000","Publication",Supported,10599943.125,39646.427481245642,153549.95337148444,10546404.6875,10792394.0625,94.340128829700674,6894143,1171.875,562.5,234.375,15
"ViShap.Viper.Serialization.Benchmarks.Suites.ElementCountScalingBenchmarks","'SCALE-01 serialize'","Count=100000","Publication",Supported,59052622.222222216,153845.64560801021,595841.62332635175,59272888.888888888,59534521.111111104,16.934049028964001,96399884,6333.333333333333,555.55555555555554,555.55555555555554,15
"ViShap.Viper.Serialization.Benchmarks.Suites.ElementCountScalingBenchmarks","'SCALE-01 deserialize'","Count=100000","Publication",Supported,93507056.666666672,463007.16720200266,1793219.0477480292,93866633.333333328,96070241.666666672,10.694380035560238,68457832,9833.3333333333339,3333.3333333333335,666.66666666666663,15
"ViShap.Viper.Serialization.Benchmarks.Suites.PayloadSizeScalingBenchmarks","'SCALE-02 serialize'","Bytes=1000","Publication",Supported,6235.8733113606768,26.22386090520023,101.56457655910025,6228.350830078125,6377.4739837646484,160362.46249233029,10328,1.64031982421875,0.00762939453125,0,15
"ViShap.Viper.Serialization.Benchmarks.Suites.PayloadSizeScalingBenchmarks","'SCALE-02 deserialize'","Bytes=1000","Publication",Supported,6931.2716166178388,23.736795874296373,91.932215113474783,6933.1001281738281,7048.4065246582031,144273.67088060486,8458,1.3427734375,0.00762939453125,0,15
"ViShap.Viper.Serialization.Benchmarks.Suites.PayloadSizeScalingBenchmarks","'SCALE-02 serialize'","Bytes=64000","Publication",Supported,374580.703125,933.5593006698449,3615.6596241913521,374837.744140625,380303.2666015625,2669.6516709412376,594832,94.23828125,22.4609375,0,15
"ViShap.Viper.Serialization.Benchmarks.Suites.PayloadSizeScalingBenchmarks","'SCALE-02 deserialize'","Bytes=64000","Publication",Supported,401282.626953125,1478.3728697528904,5725.7135040378116,401318.798828125,409558.4912109375,2492.0092045669671,495173,78.61328125,25.390625,0,15
"ViShap.Viper.Serialization.Benchmarks.Suites.PayloadSizeScalingBenchmarks","'SCALE-02 serialize'","Bytes=1000000","Publication",Supported,6295990.677083333,45321.498442868426,175529.40869439481,6258577.34375,6578872.5,158.83123900419398,9330241,1695.3125,1007.8125,1000,15
"ViShap.Viper.Serialization.Benchmarks.Suites.PayloadSizeScalingBenchmarks","'SCALE-02 deserialize'","Bytes=1000000","Publication",Supported,11463369.583333334,41386.74305913932,160290.16662181201,11454884.375,11679609.375,87.234385381232613,7892263,1406.25,687.5,328.125,15
"ViShap.Viper.Serialization.Benchmarks.Suites.PayloadSizeScalingBenchmarks","'SCALE-02 serialize'","Bytes=16000000","Publication",Supported,109508897.14285715,307436.44194651797,1150321.8339726869,109978220,110614369,9.1316781201391741,149219082,12600,1800,1800,14
"ViShap.Viper.Serialization.Benchmarks.Suites.PayloadSizeScalingBenchmarks","'SCALE-02 deserialize'","Bytes=16000000","Publication",Supported,167764645,1191119.4933863687,4613185.9612284219,168580550,174309777.5,5.9607314759316541,126339628,17750,5750,1000,15
"ViShap.Viper.Serialization.Benchmarks.Suites.PayloadSizeScalingBenchmarks","'SCALE-02 serialize'","Bytes=64000000","Publication",Supported,422321206.66666669,2826150.7373519409,10945634.739635879,422271900,437798560,2.3678659376186348,596858336,44000,1000,1000,15
"ViShap.Viper.Serialization.Benchmarks.Suites.PayloadSizeScalingBenchmarks","'SCALE-02 deserialize'","Bytes=64000000","Publication",Supported,661834726.66666663,1781413.5717101225,6899385.0959411766,663813700,669848010,1.5109512385917012,505363584,68000,23000,1000,15
"ViShap.Viper.Serialization.Benchmarks.Suites.DepthScalingBenchmarks","'SCALE-03 serialize'","Depth=1","Publication",Supported,674.70054626464844,1.4271475596267484,5.3398972084938272,674.9354362487793,680.33047199249268,1482139.0104636943,1784,0.2841949462890625,0,0,14
"ViShap.Viper.Serialization.Benchmarks.Suites.DepthScalingBenchmarks","'SCALE-03 deserialize'","Depth=1","Publication",Supported,742.55245844523108,1.3810014033227724,5.3485954361581696,743.22805404663086,749.8429012298584,1346706.2005205895,1088,0.17261505126953125,0,0,15
"ViShap.Viper.Serialization.Benchmarks.Suites.DepthScalingBenchmarks","'SCALE-03 serialize'","Depth=5","Publication",Supported,1423.4081395467122,3.3090172579986388,12.81576873254166,1427.7256011962891,1437.523307800293,702539.18901886605,2512,0.3986358642578125,0,0,15
"ViShap.Viper.Serialization.Benchmarks.Suites.DepthScalingBenchmarks","'SCALE-03 deserialize'","Depth=5","Publication",Supported,1585.1363499959309,3.730681317630288,14.448866613189248,1584.8403930664062,1604.4973754882812,630860.55657140596,2248,0.3566741943359375,0,0,15
"ViShap.Viper.Serialization.Benchmarks.Suites.DepthScalingBenchmarks","'SCALE-03 serialize'","Depth=25","Publication",Supported,5471.5320841471357,19.455408649450352,75.350473692980941,5479.425048828125,5581.7621612548828,182764.16634699731,8400,1.33514404296875,0.00762939453125,0,15
"ViShap.Viper.Serialization.Benchmarks.Suites.DepthScalingBenchmarks","'SCALE-03 deserialize'","Depth=25","Publication",Supported,5613.9573669433594,23.331904329077222,90.364076901820823,5626.8806457519531,5726.7584991455078,178127.46599899308,7801,1.24359130859375,0.00762939453125,0,15
"ViShap.Viper.Serialization.Benchmarks.Suites.DepthScalingBenchmarks","'SCALE-03 serialize'","Depth=100","Publication",Supported,21644.191080729168,42.72593989148622,165.47685365078527,21642.46826171875,21869.263610839844,46201.772857676653,31416,5.0048828125,0.1220703125,0,15
"ViShap.Viper.Serialization.Benchmarks.Suites.DepthScalingBenchmarks","'SCALE-03 deserialize'","Depth=100","Publication",Supported,21378.1787109375,62.481460960757296,241.98965774772188,21422.332763671875,21663.519592285156,46776.669496563809,28621,4.547119140625,0.152587890625,0,15
"ViShap.Viper.Serialization.Benchmarks.Suites.DepthScalingBenchmarks","'SCALE-03 serialize'","Depth=500","Publication",Supported,128267.10580679086,1898.2739561549795,6844.3240837946587,130678.43017578125,131602.80029296875,7796.2311046941613,142488,22.705078125,2.685546875,0,13
"ViShap.Viper.Serialization.Benchmarks.Suites.DepthScalingBenchmarks","'SCALE-03 deserialize'","Depth=500","Publication",Supported,116285.05940755208,258.88478681927927,1002.656467937526,116254.60205078125,117766.23413085938,8599.5570290352844,140384,22.3388671875,3.41796875,0,15
"ViShap.Viper.Serialization.Benchmarks.Suites.StringScalingBenchmarks","'SCALE-05 serialize'","Length=8; MultiByte=False","Publication",Supported,495.8694012959798,1.2583518960043467,4.8735759368933627,496.85583114624023,500.51003456115723,2016660.0265845186,1600,0.25463104248046875,0,0,15
"ViShap.Viper.Serialization.Benchmarks.Suites.StringScalingBenchmarks","'SCALE-05 deserialize'","Length=8; MultiByte=False","Publication",Supported,541.00687662760413,4.5474169770853781,17.612070220512546,544.586181640625,564.39537048339844,1848405.340489486,984,0.152587890625,0,0,15
"ViShap.Viper.Serialization.Benchmarks.Suites.StringScalingBenchmarks","'SCALE-05 serialize'","Length=8; MultiByte=True","Publication",Supported,507.28605906168622,1.9695045145865471,7.6278581852740199,506.62879943847656,520.05200386047363,1971274.3572131153,1648,0.26226043701171875,0,0,15
"ViShap.Viper.Serialization.Benchmarks.Suites.StringScalingBenchmarks","'SCALE-05 deserialize'","Length=8; MultiByte=True","Publication",Supported,569.54635620117188,3.650348288882399,14.137738130698272,567.9473876953125,591.45263671875,1755783.3337218047,1016,0.16021728515625,0,0,15
"ViShap.Viper.Serialization.Benchmarks.Suites.StringScalingBenchmarks","'SCALE-05 serialize'","Length=256; MultiByte=False","Publication",Supported,645.99174499511719,1.4469945499791017,5.6041857941219568,645.61958312988281,655.11282920837402,1548007.3975365716,3416,0.5435943603515625,0.0019073486328125,0,15
"ViShap.Viper.Serialization.Benchmarks.Suites.StringScalingBenchmarks","'SCALE-05 deserialize'","Length=256; MultiByte=False","Publication",Supported,629.58491007486975,4.4617628622912271,17.280333260380658,626.54953002929688,656.21627807617188,1588348.1068202234,2064,0.32806396484375,0,0,15
"ViShap.Viper.Serialization.Benchmarks.Suites.StringScalingBenchmarks","'SCALE-05 serialize'","Length=256; MultiByte=True","Publication",Supported,1061.9547980172295,2.8032525841215006,10.488810738371352,1064.7524833679199,1072.214937210083,941659.66561580123,5504,0.87738037109375,0.0057220458984375,0,14
"ViShap.Viper.Serialization.Benchmarks.Suites.StringScalingBenchmarks","'SCALE-05 deserialize'","Length=256; MultiByte=True","Publication",Supported,1196.66748046875,4.2870169433752423,16.040548613405019,1195.2433586120605,1218.8092803955078,835654.02780753025,3089,0.492095947265625,0,0,14
"ViShap.Viper.Serialization.Benchmarks.Suites.StringScalingBenchmarks","'SCALE-05 serialize'","Length=4000; MultiByte=False","Publication",Supported,1578.1015523274739,4.6753661372500233,18.107615186991442,1576.0616302490234,1602.0856094360352,633672.78140316333,21664,3.4542083740234375,0.05340576171875,0,15
"ViShap.Viper.Serialization.Benchmarks.Suites.StringScalingBenchmarks","'SCALE-05 deserialize'","Length=4000; MultiByte=False","Publication",Supported,1317.7758916219075,3.2643714284256173,12.642856178127733,1317.7677154541016,1336.095027923584,758854.37452434225,17043,2.716064453125,0.0438690185546875,0,15
"ViShap.Viper.Serialization.Benchmarks.Suites.StringScalingBenchmarks","'SCALE-05 serialize'","Length=4000; MultiByte=True","Publication",Supported,7839.0899658203125,30.275978838699537,117.25836183241148,7803.72314453125,8007.0529174804688,127565.82771216558,61664,9.82666015625,0.79345703125,0,15
"ViShap.Viper.Serialization.Benchmarks.Suites.StringScalingBenchmarks","'SCALE-05 deserialize'","Length=4000; MultiByte=True","Publication",Supported,9798.9866129557286,43.330807345659821,167.81949522746251,9783.6090087890625,10052.411193847656,102051.36913625845,33046,5.2490234375,0.152587890625,0,15
"ViShap.Viper.Serialization.Benchmarks.Suites.StringScalingBenchmarks","'SCALE-05 serialize'","Length=64000; MultiByte=False","Publication",Supported,18784.531729561942,50.777239867495453,189.99103463020663,18795.465087890625,19034.627685546875,53235.290312095531,321680,50.994873046875,10.19287109375,0,14
"ViShap.Viper.Serialization.Benchmarks.Suites.StringScalingBenchmarks","'SCALE-05 deserialize'","Length=64000; MultiByte=False","Publication",Supported,54666.20361328125,141.83744340017066,549.33405615749803,54778.79638671875,55407.13134765625,18292.837876106842,257184,39.97802734375,39.97802734375,39.97802734375,15
"ViShap.Viper.Serialization.Benchmarks.Suites.StringScalingBenchmarks","'SCALE-05 serialize'","Length=64000; MultiByte=True","Publication",Supported,190307.95572916666,422.7389557586144,1637.2609354462277,190173.779296875,192644.091796875,5254.6410693577727,961779,293.9453125,293.9453125,293.9453125,15
"ViShap.Viper.Serialization.Benchmarks.Suites.StringScalingBenchmarks","'SCALE-05 deserialize'","Length=64000; MultiByte=True","Publication",Supported,196556.66666666666,607.89371626599007,2354.3622393623164,196341.4794921875,200767.4462890625,5087.5913646615909,513348,157.71484375,157.71484375,157.71484375,15
"ViShap.Viper.Serialization.Benchmarks.Suites.DictionaryScalingBenchmarks","'SCALE-06 serialize'","Entries=10","Publication",Supported,4249.5906284877228,11.843372905773087,44.313843717204229,4242.0524597167969,4299.0160369873047,235316.78399711274,5824,0.92315673828125,0,0,14
"ViShap.Viper.Serialization.Benchmarks.Suites.DictionaryScalingBenchmarks","'SCALE-06 deserialize'","Entries=10","Publication",Supported,6018.0699484688894,27.350803208758411,102.33733486025132,6006.3652038574219,6207.7413940429688,166166.23079537632,7697,1.220703125,0.00762939453125,0,14
"ViShap.Viper.Serialization.Benchmarks.Suites.DictionaryScalingBenchmarks","'SCALE-06 serialize'","Entries=100","Publication",Supported,35019.452718098961,149.04429555616039,577.24607453622536,35011.407470703125,35948.626708984375,28555.557622497454,51569,8.1787109375,0.30517578125,0,15
"ViShap.Viper.Serialization.Benchmarks.Suites.DictionaryScalingBenchmarks","'SCALE-06 deserialize'","Entries=100","Publication",Supported,49788.256366436297,130.35997671123886,470.01958030066322,49808.258056640625,50466.209716796875,20085.057661792889,67843,10.80322265625,0.732421875,0,13
"ViShap.Viper.Serialization.Benchmarks.Suites.DictionaryScalingBenchmarks","'SCALE-06 serialize'","Entries=1000","Publication",Supported,330565.58919270831,1349.7109677414378,5227.4081002560852,329341.357421875,339134.7314453125,3025.1182600165757,469517,74.21875,14.6484375,0,15
"ViShap.Viper.Serialization.Benchmarks.Suites.DictionaryScalingBenchmarks","'SCALE-06 deserialize'","Entries=1000","Publication",Supported,496853.20870535716,1015.1727552382913,3798.428638489007,498842.87109375,500843.359375,2012.6668852671492,669129,106.4453125,35.15625,0,14
"ViShap.Viper.Serialization.Benchmarks.Suites.DictionaryScalingBenchmarks","'SCALE-06 serialize'","Entries=10000","Publication",Supported,3654891.8489583335,17443.992463344319,67560.292301900248,3623267.1875,3767200.1171875,273.60590718573684,4422619,839.84375,507.8125,500,15
"ViShap.Viper.Serialization.Benchmarks.Suites.DictionaryScalingBenchmarks","'SCALE-06 deserialize'","Entries=10000","Publication",Supported,10782726.666666666,93738.079983953154,363046.02268330939,10852631.25,11324129.84375,92.740920818420079,6604692,1187.5,671.875,328.125,15
"ViShap.Viper.Serialization.Benchmarks.Suites.DictionaryScalingBenchmarks","'SCALE-06 serialize'","Entries=100000","Publication",Supported,46252357.575757571,248217.13695958708,961340.8376877663,46436281.81818182,47496316.36363636,21.620519524049815,50510009,4181.818181818182,1000,1000,15
"ViShap.Viper.Serialization.Benchmarks.Suites.DictionaryScalingBenchmarks","'SCALE-06 deserialize'","Entries=100000","Publication",Supported,98938067.857142851,714317.59726988885,2672731.7143274928,99978425,100876862.5,10.107333018104869,65069736,8500,3000,500,14
"ViShap.Viper.Serialization.Benchmarks.Suites.SharingDensityBenchmarks","'SCALE-07 serialize'","SharedPercent=0; Profile=Default","Publication",Supported,774178.15290178568,1640.0823843963194,6136.6263684943069,775376.513671875,782115.95703125,1291.6923530479201,562279,88.8671875,17.578125,0,14
"ViShap.Viper.Serialization.Benchmarks.Suites.SharingDensityBenchmarks","'SCALE-07 deserialize'","SharedPercent=0; Profile=Default","Publication",Supported,1260203.6508413462,3016.9081427174187,10877.617001932484,1261802.1484375,1273101.796875,793.52253846620169,1065211,167.96875,64.453125,0,13
"ViShap.Viper.Serialization.Benchmarks.Suites.SharingDensityBenchmarks","'SCALE-07 serialize'","SharedPercent=0; Profile=PreserveReferences","Publication",Supported,986301.03236607148,3341.162066983095,12501.483728336187,987467.96875,1002565.517578125,1013.8892358259685,968984,140.625,70.3125,70.3125,14
"ViShap.Viper.Serialization.Benchmarks.Suites.SharingDensityBenchmarks","'SCALE-07 deserialize'","SharedPercent=0; Profile=PreserveReferences","Publication",Supported,2069946.2239583333,6903.7730175736297,26738.197923058793,2064937.5,2109763.0078125,483.10433789323861,1300982,195.3125,78.125,35.15625,15
"ViShap.Viper.Serialization.Benchmarks.Suites.SharingDensityBenchmarks","'SCALE-07 serialize'","SharedPercent=10; Profile=Default","Publication",Supported,753239.02994791663,892.9284671427265,3458.2970825982966,753783.10546875,756728.623046875,1327.5998192355298,557951,87.890625,20.5078125,0,15
"ViShap.Viper.Serialization.Benchmarks.Suites.SharingDensityBenchmarks","'SCALE-07 deserialize'","SharedPercent=10; Profile=Default","Publication",Supported,1260355.1171875,5967.170868106411,23110.753396150187,1253574.8046875,1296818.65234375,793.42717489933625,1061715,167.96875,60.546875,0,15
"ViShap.Viper.Serialization.Benchmarks.Suites.SharingDensityBenchmarks","'SCALE-07 serialize'","SharedPercent=10; Profile=PreserveReferences","Publication",Supported,944480.84542410716,2752.2874679533516,10298.116734993006,943404.39453125,959344.66796875,1058.7827215817836,924264,142.578125,71.2890625,71.2890625,14
"ViShap.Viper.Serialization.Benchmarks.Suites.SharingDensityBenchmarks","'SCALE-07 deserialize'","SharedPercent=10; Profile=PreserveReferences","Publication",Supported,1861069.921875,10490.141841375027,40628.144650999086,1875936.328125,1902911.5625,537.32532466728333,1197070,171.875,78.125,23.4375,15
"ViShap.Viper.Serialization.Benchmarks.Suites.SharingDensityBenchmarks","'SCALE-07 serialize'","SharedPercent=50; Profile=Default","Publication",Supported,761773.64583333337,3768.9878222252441,14597.227067536931,758904.1015625,784875.849609375,1312.725906796187,538006,84.9609375,18.5546875,0,15
"ViShap.Viper.Serialization.Benchmarks.Suites.SharingDensityBenchmarks","'SCALE-07 deserialize'","SharedPercent=50; Profile=Default","Publication",Supported,1245114.0755208333,7363.3582268120817,28518.16378460257,1243891.9921875,1283544.1796875,803.13926222518876,1044201,166.015625,54.6875,0,15
"ViShap.Viper.Serialization.Benchmarks.Suites.SharingDensityBenchmarks","'SCALE-07 serialize'","SharedPercent=50; Profile=PreserveReferences","Publication",Supported,560658.99088541663,2530.7591104093121,9801.587887877964,561179.296875,571912.40234375,1783.6153816435856,613817,90.8203125,30.2734375,30.2734375,15
"ViShap.Viper.Serialization.Benchmarks.Suites.SharingDensityBenchmarks","'SCALE-07 deserialize'","SharedPercent=50; Profile=PreserveReferences","Publication",Supported,1125395.3645833333,4026.2063852068754,15593.430278300193,1125816.40625,1151046.09375,888.57661180276887,783418,119.140625,44.921875,29.296875,15
"ViShap.Viper.Serialization.Benchmarks.Suites.SharingDensityBenchmarks","'SCALE-07 serialize'","SharedPercent=90; Profile=Default","Publication",Supported,712119.50520833337,2201.9711430448924,8528.1975658421779,715750,721533.3984375,1404.2586850748401,517494,82.03125,13.671875,0,15
"ViShap.Viper.Serialization.Benchmarks.Suites.SharingDensityBenchmarks","'SCALE-07 deserialize'","SharedPercent=90; Profile=Default","Publication",Supported,1222157.9947916667,4292.5649549961408,16625.032583213644,1221174.609375,1246737.63671875,818.22481566343106,1026085,162.109375,56.640625,0,15
"ViShap.Viper.Serialization.Benchmarks.Suites.SharingDensityBenchmarks","'SCALE-07 serialize'","SharedPercent=90; Profile=PreserveReferences","Publication",Supported,177135.5810546875,798.80072740833964,3093.7419141908699,176799.853515625,182112.13623046875,5645.3931731043212,170373,26.85546875,4.39453125,0,15
"ViShap.Viper.Serialization.Benchmarks.Suites.SharingDensityBenchmarks","'SCALE-07 deserialize'","SharedPercent=90; Profile=PreserveReferences","Publication",Supported,227771.34835379463,663.21158174865411,2481.5105138438812,226947.5341796875,231962.0654296875,4390.367828207749,164244,26.123046875,5.126953125,0,14
"ViShap.Viper.Serialization.Benchmarks.Suites.MemberCountScalingBenchmarks","'SCALE-04 serialize'","Members=5; Keyed=False","Publication",Supported,753.35556910588195,5.4608751815238588,19.689465475892991,743.50700378417969,789.37282562255859,1327394.4482641143,1920,0.30517578125,0,0,13
"ViShap.Viper.Serialization.Benchmarks.Suites.MemberCountScalingBenchmarks","'SCALE-04 deserialize'","Members=5; Keyed=False","Publication",Supported,850.34379959106445,4.8439389659758678,18.760494945269713,845.8404541015625,878.38254928588867,1175994.9334385765,1232,0.19550323486328125,0,0,15
"ViShap.Viper.Serialization.Benchmarks.Suites.MemberCountScalingBenchmarks","'SCALE-04 serialize'","Members=5; Keyed=True","Publication",Supported,1060.425867353167,4.9272514905523908,18.436086936118265,1059.3369483947754,1090.8226680755615,943017.35820157756,2456,0.3910064697265625,0,0,14
"ViShap.Viper.Serialization.Benchmarks.Suites.MemberCountScalingBenchmarks","'SCALE-04 deserialize'","Members=5; Keyed=True","Publication",Supported,1752.4578241201548,4.2512642034655288,15.328151071139537,1752.760124206543,1776.4700317382812,570627.14219788066,3153,0.5016326904296875,0,0,13
"ViShap.Viper.Serialization.Benchmarks.Suites.MemberCountScalingBenchmarks","'SCALE-04 serialize'","Members=20; Keyed=False","Publication",Supported,1229.0041987101238,4.5278647921437143,17.536344933851513,1226.1114120483398,1255.6095695495605,813666.87034066243,2576,0.4100799560546875,0,0,15
"ViShap.Viper.Serialization.Benchmarks.Suites.MemberCountScalingBenchmarks","'SCALE-04 deserialize'","Members=20; Keyed=False","Publication",Supported,1366.6165161132812,6.3991824042157708,24.783926880871221,1363.4296417236328,1399.5438766479492,731734.16844400868,2136,0.339508056640625,0,0,15
"ViShap.Viper.Serialization.Benchmarks.Suites.MemberCountScalingBenchmarks","'SCALE-04 serialize'","Members=20; Keyed=True","Publication",Supported,2627.9855600992837,19.889285328467714,77.030870845122976,2606.3728332519531,2755.1573944091797,380519.5946214486,5768,0.919342041015625,0.003814697265625,0,15
"ViShap.Viper.Serialization.Benchmarks.Suites.MemberCountScalingBenchmarks","'SCALE-04 deserialize'","Members=20; Keyed=True","Publication",Supported,4864.3743242536275,11.457925013210042,42.871629762779264,4864.5732879638672,4927.6387023925781,205576.28450056349,9706,1.5411376953125,0,0,14
"ViShap.Viper.Serialization.Benchmarks.Suites.MemberCountScalingBenchmarks","'SCALE-04 serialize'","Members=50; Keyed=False","Publication",Supported,2373.2911518641881,10.76928179303609,40.294962771163597,2376.8726348876953,2437.831974029541,421355.80340175016,5080,0.8087158203125,0.003814697265625,0,14
"ViShap.Viper.Serialization.Benchmarks.Suites.MemberCountScalingBenchmarks","'SCALE-04 deserialize'","Members=50; Keyed=False","Publication",Supported,2503.4690311976842,9.687508694393907,36.247338465815744,2509.376335144043,2545.676097869873,399445.72412848671,4097,0.652313232421875,0,0,14
"ViShap.Viper.Serialization.Benchmarks.Suites.MemberCountScalingBenchmarks","'SCALE-04 serialize'","Members=50; Keyed=True","Publication",Supported,5795.751953125,25.985961633986587,100.64319664361493,5818.5638427734375,5968.4229278564453,172540.16529482632,11680,1.861572265625,0.0152587890625,0,15
"ViShap.Viper.Serialization.Benchmarks.Suites.MemberCountScalingBenchmarks","'SCALE-04 deserialize'","Members=50; Keyed=True","Publication",Supported,11535.836283365885,32.34836074895204,125.28466245780093,11550.540161132812,11705.042266845703,86686.389736819634,23092,3.6773681640625,0.0152587890625,0,15
"ViShap.Viper.Serialization.Benchmarks.Suites.MemberCountScalingBenchmarks","'SCALE-04 serialize'","Members=100; Keyed=False","Publication",Supported,4575.6809997558594,10.750953967633656,41.638265672487705,4587.5205993652344,4620.9568786621094,218546.70377007403,9008,1.434326171875,0.00762939453125,0,15
"ViShap.Viper.Serialization.Benchmarks.Suites.MemberCountScalingBenchmarks","'SCALE-04 deserialize'","Members=100; Keyed=False","Publication",Supported,5059.1238839285716,21.81705060758572,81.631928563494014,5049.7810363769531,5198.0667495727539,197662.68289589067,7329,1.16729736328125,0.00762939453125,0,14
"ViShap.Viper.Serialization.Benchmarks.Suites.MemberCountScalingBenchmarks","'SCALE-04 serialize'","Members=100; Keyed=True","Publication",Supported,10946.353251139322,43.919385662057728,170.0990492448104,10943.218994140625,11215.163726806641,91354.625331127303,22184,3.5247802734375,0.0457763671875,0,15
"ViShap.Viper.Serialization.Benchmarks.Suites.MemberCountScalingBenchmarks","'SCALE-04 deserialize'","Members=100; Keyed=True","Publication",Supported,22160.977826799666,73.649684944785676,275.57188770723087,22231.797790527344,22512.065734863281,45124.362643902932,45384,7.232666015625,0.091552734375,0,14
"ViShap.Viper.Serialization.Benchmarks.Suites.MemberCountScalingBenchmarks","'SCALE-04 serialize'","Members=200; Keyed=False","Publication",Supported,11175.886942545572,32.932323236371964,127.54633944638816,11194.407653808594,11355.51025390625,89478.356853547986,16896,2.685546875,0.030517578125,0,15
"ViShap.Viper.Serialization.Benchmarks.Suites.MemberCountScalingBenchmarks","'SCALE-04 deserialize'","Members=200; Keyed=False","Publication",Supported,11835.365702311197,33.263171932817222,128.82771093783509,11809.161376953125,12013.957977294922,84492.530704371995,13778,2.1820068359375,0.030517578125,0,15
"ViShap.Viper.Serialization.Benchmarks.Suites.MemberCountScalingBenchmarks","'SCALE-04 serialize'","Members=200; Keyed=True","Publication",Supported,22436.320847731371,76.246655757095994,274.91122691486117,22343.634033203125,22819.190063476562,44570.587432168679,43448,6.89697265625,0.18310546875,0,13
"ViShap.Viper.Serialization.Benchmarks.Suites.MemberCountScalingBenchmarks","'SCALE-04 deserialize'","Members=200; Keyed=True","Publication",Supported,45828.54657854353,139.64438378441457,522.50144010844997,45879.354858398438,46534.364929199219,21820.460709705119,96160,15.31982421875,0.3662109375,0,14
"ViShap.Viper.Serialization.Benchmarks.Suites.ConcurrencyBenchmarks","'PAR serialize on N threads'","Threads=1; Data=DATA-01 TinyFlat","Publication",Supported,281203.07291666669,227.09695873321516,879.54273914809539,280939.794921875,282727.509765625,3556.1489055859133,442360,70.3125,0.48828125,0,15
"ViShap.Viper.Serialization.Benchmarks.Suites.ConcurrencyBenchmarks","'PAR deserialize on N threads'","Threads=1; Data=DATA-01 TinyFlat","Publication",Supported,304393.5302734375,267.17052724496295,999.66057679440416,304482.2998046875,305681.0595703125,3285.22094113399,298382,48.33984375,0,0,14
"ViShap.Viper.Serialization.Benchmarks.Suites.ConcurrencyBenchmarks","'PAR serialize on N threads'","Threads=1; Data=DATA-02 MediumObject","Publication",Supported,1815797.3557692308,5235.3342541688617,18876.266097598851,1818431.25,1839045,550.72224707385783,2609044,406.25,0,0,13
"ViShap.Viper.Serialization.Benchmarks.Suites.ConcurrencyBenchmarks","'PAR deserialize on N threads'","Threads=1; Data=DATA-02 MediumObject","Publication",Supported,2317925.625,5966.980869391532,23110.017534291659,2321073.4375,2346563.125,431.42022729913953,3145834,500,0,0,15
"ViShap.Viper.Serialization.Benchmarks.Suites.ConcurrencyBenchmarks","'PAR serialize on N threads'","Threads=1; Data=DATA-03 RecordBatchSmall","Publication",Supported,23964369.375,122504.28276390386,474457.04698368395,23829071.875,24662134.6875,41.728617363209878,44799160,7125,1156.25,0,15
"ViShap.Viper.Serialization.Benchmarks.Suites.ConcurrencyBenchmarks","'PAR deserialize on N threads'","Threads=1; Data=DATA-03 RecordBatchSmall","Publication",Supported,26066033.482142858,129882.56343823868,485976.0529018208,26018321.875,26824667.1875,38.364103256641378,33767597,5375,843.75,0,14
"ViShap.Viper.Serialization.Benchmarks.Suites.ConcurrencyBenchmarks","'PAR serialize on N threads'","Threads=2; Data=DATA-01 TinyFlat","Publication",Supported,371440.73567708331,1726.3623669293797,6686.172696636706,372977.001953125,380252.841796875,2692.2195223879876,884416,143.5546875,1.46484375,0,15
"ViShap.Viper.Serialization.Benchmarks.Suites.ConcurrencyBenchmarks","'PAR deserialize on N threads'","Threads=2; Data=DATA-01 TinyFlat","Publication",Supported,399817.62369791669,1000.2286228969552,3873.8687988798865,398536.23046875,406667.6123046875,2501.1403718300139,596467,96.6796875,0.9765625,0,15
"ViShap.Viper.Serialization.Benchmarks.Suites.ConcurrencyBenchmarks","'PAR serialize on N threads'","Threads=2; Data=DATA-02 MediumObject","Publication",Supported,2273962.0833333335,18712.477378768359,72473.113254252879,2276396.875,2378962.1875,439.76107048105644,5217807,859.375,15.625,0,15
"ViShap.Viper.Serialization.Benchmarks.Suites.ConcurrencyBenchmarks","'PAR deserialize on N threads'","Threads=2; Data=DATA-02 MediumObject","Publication",Supported,2745218.4375,22450.672446371638,86951.080495955088,2713173.4375,2876110,364.26973764268985,6291421,1031.25,15.625,0,15
"ViShap.Viper.Serialization.Benchmarks.Suites.ConcurrencyBenchmarks","'PAR serialize on N threads'","Threads=2; Data=DATA-03 RecordBatchSmall","Publication",Supported,27857885,115200.08029357695,446167.99245878076,27855193.75,28407370.625,35.896479578403024,89598016,15062.5,3375,0,15
"ViShap.Viper.Serialization.Benchmarks.Suites.ConcurrencyBenchmarks","'PAR deserialize on N threads'","Threads=2; Data=DATA-03 RecordBatchSmall","Publication",Supported,29304630.048076924,93050.718672318733,335499.13739181962,29297853.125,29742983.75,34.124300438511206,67534966,10812.5,2593.75,0,13
"ViShap.Viper.Serialization.Benchmarks.Suites.ConcurrencyBenchmarks","'PAR serialize on N threads'","Threads=4; Data=DATA-01 TinyFlat","Publication",Supported,583066.29464285716,3148.8363055588979,11781.866622436419,582134.375,601819.0625,1715.0708404651057,1768528,285.15625,3.90625,0,14
"ViShap.Viper.Serialization.Benchmarks.Suites.ConcurrencyBenchmarks","'PAR deserialize on N threads'","Threads=4; Data=DATA-01 TinyFlat","Publication",Supported,578231.94754464284,3333.4124405974276,12472.487281525517,578816.40625,595513.2421875,1729.4098056088369,1192650,191.40625,0,0,14
"ViShap.Viper.Serialization.Benchmarks.Suites.ConcurrencyBenchmarks","'PAR serialize on N threads'","Threads=4; Data=DATA-02 MediumObject","Publication",Supported,2877266.4583333335,58557.31956957739,226791.52349151889,2812603.125,3306034.375,347.55210005098155,10435440,1718.75,93.75,0,15
"ViShap.Viper.Serialization.Benchmarks.Suites.ConcurrencyBenchmarks","'PAR deserialize on N threads'","Threads=4; Data=DATA-02 MediumObject","Publication",Supported,3657443.1490384615,68839.711950511264,248205.11122573953,3607110.9375,4116037.1874999995,273.41504959903455,12583602,2062.5,93.75,0,13
"ViShap.Viper.Serialization.Benchmarks.Suites.ConcurrencyBenchmarks","'PAR serialize on N threads'","Threads=4; Data=DATA-03 RecordBatchSmall","Publication",Supported,36378792.307692304,212180.26561429264,765026.82731390081,36542333.333333336,37448640,27.488543092414581,179195728,31000,9333.3333333333339,0,13
"ViShap.Viper.Serialization.Benchmarks.Suites.ConcurrencyBenchmarks","'PAR deserialize on N threads'","Threads=4; Data=DATA-03 RecordBatchSmall","Publication",Supported,39849872.777777784,264614.15368607256,1024846.2103969291,39687666.666666664,41037605.833333336,25.094182999691991,135069917,21583.333333333332,1583.3333333333333,0,15
"ViShap.Viper.Serialization.Benchmarks.Suites.ConcurrencyBenchmarks","'PAR serialize on N threads'","Threads=8; Data=DATA-01 TinyFlat","Publication",Supported,1105500.0651041667,12260.954551069535,47486.472784898346,1107093.359375,1168270.41015625,904.56801547612224,3536752,574.21875,9.765625,0,15
"ViShap.Viper.Serialization.Benchmarks.Suites.ConcurrencyBenchmarks","'PAR deserialize on N threads'","Threads=8; Data=DATA-01 TinyFlat","Publication",Supported,1071821.0416666667,17376.414639470688,67298.564515464735,1041635.15625,1183324.453125,932.9915733367335,2385076,382.8125,0,0,15
"ViShap.Viper.Serialization.Benchmarks.Suites.ConcurrencyBenchmarks","'PAR serialize on N threads'","Threads=8; Data=DATA-02 MediumObject","Publication",Supported,5056543.28125,31658.180915067496,122611.6074552779,5050911.71875,5215170.703125,197.76355988251237,20870598,3492.1875,320.3125,0,15
"ViShap.Viper.Serialization.Benchmarks.Suites.ConcurrencyBenchmarks","'PAR deserialize on N threads'","Threads=8; Data=DATA-02 MediumObject","Publication",Supported,6172194.6428571427,53351.942441085739,199624.6895334266,6106739.0625,6529419.84375,162.01692556103424,25166222,4156.25,375,0,14
"ViShap.Viper.Serialization.Benchmarks.Suites.ConcurrencyBenchmarks","'PAR serialize on N threads'","Threads=8; Data=DATA-03 RecordBatchSmall","Publication",Supported,60178850,334566.79562995373,1295771.6276687912,59941600,61923540,16.617133760449061,358391152,63500,21000,0,15
"ViShap.Viper.Serialization.Benchmarks.Suites.ConcurrencyBenchmarks","'PAR deserialize on N threads'","Threads=8; Data=DATA-03 RecordBatchSmall","Publication",Supported,67312995.535714284,161616.55506123489,604713.77706982696,67339250,68137999.375,14.855972342954631,270141500,43250,20125,0,14
"ViShap.Viper.Serialization.Benchmarks.Suites.ConcurrencyBenchmarks","'PAR serialize on N threads'","Threads=12; Data=DATA-01 TinyFlat","Publication",Supported,1443104.8177083333,12260.631557604556,47485.221836587552,1420904.296875,1521132.265625,692.9503579566807,5304976,859.375,15.625,0,15
"ViShap.Viper.Serialization.Benchmarks.Suites.ConcurrencyBenchmarks","'PAR deserialize on N threads'","Threads=12; Data=DATA-01 TinyFlat","Publication",Supported,1459071.6517857143,10343.544987094399,38702.001506390334,1456889.84375,1528992.3046875,685.36730103427738,3577524,578.125,7.8125,0,14
"ViShap.Viper.Serialization.Benchmarks.Suites.ConcurrencyBenchmarks","'PAR serialize on N threads'","Threads=12; Data=DATA-02 MediumObject","Publication",Supported,7725407.083333333,58385.961430277879,226127.8562717748,7757771.875,8046605.3125,129.44301694565502,31305887,5218.75,625,0,15
"ViShap.Viper.Serialization.Benchmarks.Suites.ConcurrencyBenchmarks","'PAR deserialize on N threads'","Threads=12; Data=DATA-02 MediumObject","Publication",Supported,9543546.25,58408.83276920802,226216.43658655672,9558693.75,9818005,104.78285260052048,37751166,6250,812.5,0,15
"ViShap.Viper.Serialization.Benchmarks.Suites.ConcurrencyBenchmarks","'PAR serialize on N threads'","Threads=12; Data=DATA-03 RecordBatchSmall","Publication",Supported,102436301.33333333,215855.38498829358,836004.31124885147,102137640,103788060,9.7621642619245428,537586576,96200,32600,0,15
"ViShap.Viper.Serialization.Benchmarks.Suites.ConcurrencyBenchmarks","'PAR deserialize on N threads'","Threads=12; Data=DATA-03 RecordBatchSmall","Publication",Supported,112050056,449219.03262991022,1739817.8321750485,111670060,114582540,8.924582777540067,405216386,64800,57600,400,15
"ViShap.Viper.Serialization.Benchmarks.Suites.PayloadSizeScalingBenchmarks","'SCALE-02 serialize'","Bytes=1000","PublicationServerGc",Supported,6733.5000101725263,8.3329771747317771,32.273481822062706,6729.5127868652344,6787.4608612060547,148511.17524159295,10328,0.34332275390625,0,0,15
"ViShap.Viper.Serialization.Benchmarks.Suites.PayloadSizeScalingBenchmarks","'SCALE-02 deserialize'","Bytes=1000","PublicationServerGc",Supported,6914.9657029371992,9.8648313100517786,35.568155112194283,6919.7959899902344,6965.0930786132812,144613.87705440682,8456,0.274658203125,0,0,13
"ViShap.Viper.Serialization.Benchmarks.Suites.PayloadSizeScalingBenchmarks","'SCALE-02 serialize'","Bytes=64000","PublicationServerGc",Supported,386415.01116071426,6228.3493889388101,23304.349498531861,372898.6083984375,426130.33203125,2587.8911820640656,594821,28.3203125,2.9296875,0,14
"ViShap.Viper.Serialization.Benchmarks.Suites.PayloadSizeScalingBenchmarks","'SCALE-02 deserialize'","Bytes=64000","PublicationServerGc",Supported,389373.08443509613,1920.5210684197989,6924.537187796469,386948.974609375,403792.724609375,2568.2309331956099,495093,16.11328125,1.46484375,0,13
"ViShap.Viper.Serialization.Benchmarks.Suites.PayloadSizeScalingBenchmarks","'SCALE-02 serialize'","Bytes=1000000","PublicationServerGc",Supported,8126432.4776785718,77265.664569210538,289101.64457938418,8021732.8125,8606733.828125,123.05522783174148,9329329,265.625,125,125,14
"ViShap.Viper.Serialization.Benchmarks.Suites.PayloadSizeScalingBenchmarks","'SCALE-02 deserialize'","Bytes=1000000","PublicationServerGc",Supported,8818573.020833334,94437.48685144003,365754.81383330916,8864056.25,9382148.59375,113.3970312019373,7890861,218.75,109.375,46.875,15
"ViShap.Viper.Serialization.Benchmarks.Suites.PayloadSizeScalingBenchmarks","'SCALE-02 serialize'","Bytes=16000000","PublicationServerGc",Supported,103356550.66666667,663581.30266109575,2570039.3340610475,102758900,107273708,9.6752454832309738,149218389,1200,600,600,15
"ViShap.Viper.Serialization.Benchmarks.Suites.PayloadSizeScalingBenchmarks","'SCALE-02 deserialize'","Bytes=16000000","PublicationServerGc",Supported,147490325,992999.62021044863,3845870.9918653574,147537925,153872847.5,6.7801057459192666,126336222,2000,1250,1000,15
"ViShap.Viper.Serialization.Benchmarks.Suites.PayloadSizeScalingBenchmarks","'SCALE-02 serialize'","Bytes=64000000","PublicationServerGc",Supported,410651813.33333331,2031864.9152902125,7869378.9786621369,412124300,421869060,2.4351530117030857,596860376,11000,3000,3000,15
"ViShap.Viper.Serialization.Benchmarks.Suites.PayloadSizeScalingBenchmarks","'SCALE-02 deserialize'","Bytes=64000000","PublicationServerGc",Supported,595723914.28571427,2620747.5585810388,9805939.4614345171,593818000,610371865,1.6786299425280273,505350472,4000,3000,2000,14
